{"hotel_name": "Hampton-Inn-&-Suites-Birmingham-Pelham---I-65-(Hotel)", "date_accessed": "2024-08-26", "gps": "33.33098990,-86.79045796", "address": "232 Cahaba Valley Road, Pelham, AL 35124 , United States of America \u2013 Great location", "rating": "7.7", "url": "https://www.booking.com/hotel/us/hampton-inn-suites-birmingham-pelham-i-65.html?aid=304142&label=gen173nr-1FCAMo7AFCCWFsYWJhc3RlckgzWARonQKIAQGYATG4AQfIAQ_YAQHoAQH4AQKIAgGoAgO4AqOtsrYGwAIB0gIkMjdmOGMwMjMtNzk1Zi00MmRlLTgwYzgtYWE5ZWI1MThiNjE42AIF4AIB&sid=4746b4654f992142b013f33ced8e967f&dest_id=20000038&dest_type=city&dist=0&group_adults=2&group_children=0&hapos=3&hpos=3&no_rooms=1&req_adults=2&req_children=0&room1=A%2CA&sb_price_type=total&sr_order=popularity&srepoch=1724684122&srpvid=a99e68e9911e04c4&type=total&ucfs=1&activeTab=photosGallery#close-lightbox", "images": ["https://cf.bstatic.com/xdata/images/hotel/max1024x768/473283767.jpg?k=81dab841eee043389a2d9f602ba448e79b8b3c58ac2a87e0c5bfe27bbebdd02d&o=&hp=1", "https://cf.bstatic.com/xdata/images/hotel/max1024x768/473283862.jpg?k=9bab85859a2b48aee859be147f31dc1ea38c4a4b022bd39c26088948827d9857&o=&hp=1", "https://cf.bstatic.com/xdata/images/hotel/max1024x768/473283952.jpg?k=a11b6e90d36731c834e168e2f42e03c43cad76596dc85cbe818f584bfdfd2cd1&o=&hp=1", "https://cf.bstatic.com/xdata/images/hotel/max1024x768/473283761.jpg?k=365302093195fe1dff2292a8fbe3ba31b0fbb77d0f1589f0cbeabdf408c6bad0&o=&hp=1", "https://cf.bstatic.com/xdata/images/hotel/max1024x768/473283783.jpg?k=044bb5aebd27cb9421c6512301d1fcad47eedfd9aaa62a5b138b68cf0004ae9d&o=&hp=1", "https://cf.bstatic.com/xdata/images/hotel/max1024x768/473283810.jpg?k=3254b86e0c87dbd68b834567d7e7b6cc7ee3299ccff46cebcc4764b47f354cbd&o=&hp=1", "https://cf.bstatic.com/xdata/images/hotel/max1024x768/473283756.jpg?k=197a9283de69d2473f1d9dcc8b3f5464b1a9049aae4031cc451cd45e5d99b6f0&o=&hp=1", "https://cf.bstatic.com/xdata/images/hotel/max1024x768/473283758.jpg?k=1c94fc0faaf467b536791dd633a16806672c589da65a5aa29dc46d7631d0b851&o=&hp=1", "https://cf.bstatic.com/xdata/images/hotel/max1024x768/473283755.jpg?k=5b119a6b903cf7ef1e0e0543da7ac0bac770fd144385af3deeba8e3d4045dad5&o=&hp=1", "https://cf.bstatic.com/xdata/images/hotel/max1024x768/473283763.jpg?k=3b55847facfe867b78d5c154017c5607a3c8b5d1f71268093c4e4e44827b0f6a&o=&hp=1", "https://cf.bstatic.com/xdata/images/hotel/max1024x768/473283770.jpg?k=a8cbadaa82f3885c0ba94d4bb460a0a2db306d51978872278ae6a1bdca688e6c&o=&hp=1", "https://cf.bstatic.com/xdata/images/hotel/max1024x768/473283775.jpg?k=da22034978dbe608c053aeb363fa81bff3b607aedb72b57ebc290b91c20ab105&o=&hp=1", "https://cf.bstatic.com/xdata/images/hotel/max1024x768/473283778.jpg?k=b9f2096920e9ea3fc27f166805d716fdb263f96c1c6624541151bfe4bde09a7e&o=&hp=1", "https://cf.bstatic.com/xdata/images/hotel/max1024x768/473283789.jpg?k=e11aceeedbab0170e6f5fa200a9d2fecaed5bce3c70b97daa5fab722792b8c6c&o=&hp=1", "https://cf.bstatic.com/xdata/images/hotel/max1024x768/473283793.jpg?k=7fc28b6147cb7bd610d540460332fddb2b8416f2f65b86bf2d37903ffd7bc56b&o=&hp=1", "https://cf.bstatic.com/xdata/images/hotel/max1024x768/473283797.jpg?k=030286a67ece6193f7e39ba808921beaa2642b4dbb592e71545e7b0d4cb812a1&o=&hp=1", "https://cf.bstatic.com/xdata/images/hotel/max1024x768/473283803.jpg?k=f10efb2d4aaed015bd13d202ec5e2c7270e1ae2c8e08df7d717f61d7dbdb3f40&o=&hp=1", "https://cf.bstatic.com/xdata/images/hotel/max1024x768/473283814.jpg?k=f6f5dfd1c32334313dffae383b44c2d59b06a9055968274970a95e4d8a0b6154&o=&hp=1", "https://cf.bstatic.com/xdata/images/hotel/max1024x768/473283827.jpg?k=3726acaa6e0aa557c26343201ea3ed57b2b873b83bfe3a2e51a2f1e817d86ed4&o=&hp=1", "https://cf.bstatic.com/xdata/images/hotel/max1024x768/473283834.jpg?k=4be43a019246fe95ca8736891e9c48bd60d0b4b798fc6d76ad9f0c97a19c4ba7&o=&hp=1", "https://cf.bstatic.com/xdata/images/hotel/max1024x768/473283837.jpg?k=4cabe1baf0985fa5025bb5fc1c5c654546143f737a161798b3e4fdf74c5793a4&o=&hp=1", "https://cf.bstatic.com/xdata/images/hotel/max1024x768/473283851.jpg?k=a72b22fc78cfd3a67cafa70a3d8f662e04216e3777c0938bb7a397484fb230d2&o=&hp=1", "https://cf.bstatic.com/xdata/images/hotel/max1024x768/473283855.jpg?k=78988925deaec727571621774b52be9a8d5ed6a0f0ed2af81974fb8ecac9b96d&o=&hp=1", "https://cf.bstatic.com/xdata/images/hotel/max1024x768/473283865.jpg?k=c48d61dfdc8d0ac32f5036a69b54e1734eb93f086830d49a05d7397599718cb9&o=&hp=1", "https://cf.bstatic.com/xdata/images/hotel/max1024x768/473283874.jpg?k=c2810afeeac43299e0704ca8ba73baddfc38b79289583268513353fdefadfed8&o=&hp=1", "https://cf.bstatic.com/xdata/images/hotel/max1024x768/473283879.jpg?k=bc48224c8b1d56e54b025ad8ba2ebd04e8c2180f64b75218a3b3e96caeb5125a&o=&hp=1", "https://cf.bstatic.com/xdata/images/hotel/max1024x768/473283884.jpg?k=f3e8b8cdf65add65a166420ed135431c73f30f6562b70df9347eae13fda7bde9&o=&hp=1", "https://cf.bstatic.com/xdata/images/hotel/max1024x768/473283892.jpg?k=b672b66d4da6626c13e712e4ea0773f9f515189a34348c1f8b5540fcbf914feb&o=&hp=1", "https://cf.bstatic.com/xdata/images/hotel/max1024x768/473283903.jpg?k=214c9413c5b0d873b0427542c03e75321b3f6794f3afd9a8adf3892fc2d2d428&o=&hp=1", "https://cf.bstatic.com/xdata/images/hotel/max1024x768/473283906.jpg?k=70862c06404efad2f73b965025651a8bfaa2a7d97f74761000c88545e3280371&o=&hp=1", "https://cf.bstatic.com/xdata/images/hotel/max1024x768/473283911.jpg?k=2884cceeda1ede2ebcefd11f931b432abdb1581dec890d451f0266184ade5df0&o=&hp=1", "https://cf.bstatic.com/xdata/images/hotel/max1024x768/473283915.jpg?k=329695fb70080184d3c5f5c1720f806d50b6a6abb294829709ec8580371123a1&o=&hp=1", "https://cf.bstatic.com/xdata/images/hotel/max1024x768/473283920.jpg?k=390b5296c2d8b2fb7f2aa23ec40ffa9a8698474e2019810a408ad0329d7a15e5&o=&hp=1", "https://cf.bstatic.com/xdata/images/hotel/max1024x768/473283925.jpg?k=2174758149beab348b7b714a52aa3fb18fe2e9f3e1223946b24b091b96a6a907&o=&hp=1", "https://cf.bstatic.com/xdata/images/hotel/max1024x768/473283928.jpg?k=a2d1dcc6c85aa8ce0cee3a63ee582cb54d358391ea840eb3591b4e07c9cfe20a&o=&hp=1", "https://cf.bstatic.com/xdata/images/hotel/max1024x768/473283934.jpg?k=80946665c4c887bd0b5e2b47a44fcad2833d574a89f883db919769e40a0e7cb9&o=&hp=1", "https://cf.bstatic.com/xdata/images/hotel/max1024x768/473283935.jpg?k=ebb019febe49a223ba010082f33f1502855b644053257312e9ea491b12eaa022&o=&hp=1", "https://cf.bstatic.com/xdata/images/hotel/max1024x768/473283939.jpg?k=9d345e8fa5d6a789abcc09874c313c24a9dd9cae75eeb10bcbdd8ef9d7a5bc45&o=&hp=1", "https://cf.bstatic.com/xdata/images/hotel/max1024x768/473283944.jpg?k=8f54440501b7a1ea4a4c461030ce8e220ecdfedc7549bb2585b95d23d7b64376&o=&hp=1", "https://cf.bstatic.com/xdata/images/hotel/max1024x768/473283949.jpg?k=20554379f66483e939ae64988d5cd3685839a920008b8437c27e126f726798c2&o=&hp=1", "https://cf.bstatic.com/xdata/images/hotel/max1024x768/473283955.jpg?k=06f94ed7345c0c6e25a3bbd31c56aa88103f7690c16952c0175fcdd065c2414b&o=&hp=1", "https://cf.bstatic.com/xdata/images/hotel/max1024x768/530032697.jpg?k=3a59af6a4ce99f6b23e7b5e9162e2d0d57184cc74bc885e69762869ae77a3aec&o=&hp=1", "https://cf.bstatic.com/xdata/images/hotel/max1024x768/530033233.jpg?k=74a1871ea1965f767f0f01f46cd6f787ec748f031329e4e03aa10b1a0db28dbe&o=&hp=1", "https://cf.bstatic.com/xdata/images/hotel/max1024x768/473283767.jpg?k=81dab841eee043389a2d9f602ba448e79b8b3c58ac2a87e0c5bfe27bbebdd02d&o=&hp=1", "https://cf.bstatic.com/xdata/images/hotel/max1024x768/473283862.jpg?k=9bab85859a2b48aee859be147f31dc1ea38c4a4b022bd39c26088948827d9857&o=&hp=1", "https://cf.bstatic.com/xdata/images/hotel/max1024x768/473283952.jpg?k=a11b6e90d36731c834e168e2f42e03c43cad76596dc85cbe818f584bfdfd2cd1&o=&hp=1", "https://cf.bstatic.com/xdata/images/hotel/max1024x768/473283761.jpg?k=365302093195fe1dff2292a8fbe3ba31b0fbb77d0f1589f0cbeabdf408c6bad0&o=&hp=1", "https://cf.bstatic.com/xdata/images/hotel/max1024x768/473283783.jpg?k=044bb5aebd27cb9421c6512301d1fcad47eedfd9aaa62a5b138b68cf0004ae9d&o=&hp=1", "https://cf.bstatic.com/xdata/images/hotel/max1024x768/473283810.jpg?k=3254b86e0c87dbd68b834567d7e7b6cc7ee3299ccff46cebcc4764b47f354cbd&o=&hp=1", "https://cf.bstatic.com/xdata/images/hotel/max1024x768/473283756.jpg?k=197a9283de69d2473f1d9dcc8b3f5464b1a9049aae4031cc451cd45e5d99b6f0&o=&hp=1", "https://cf.bstatic.com/xdata/images/hotel/max1024x768/473283758.jpg?k=1c94fc0faaf467b536791dd633a16806672c589da65a5aa29dc46d7631d0b851&o=&hp=1", "https://cf.bstatic.com/xdata/images/hotel/max1024x768/473283755.jpg?k=5b119a6b903cf7ef1e0e0543da7ac0bac770fd144385af3deeba8e3d4045dad5&o=&hp=1", "https://cf.bstatic.com/xdata/images/hotel/max1024x768/473283763.jpg?k=3b55847facfe867b78d5c154017c5607a3c8b5d1f71268093c4e4e44827b0f6a&o=&hp=1", "https://cf.bstatic.com/xdata/images/hotel/max1024x768/473283770.jpg?k=a8cbadaa82f3885c0ba94d4bb460a0a2db306d51978872278ae6a1bdca688e6c&o=&hp=1", "https://cf.bstatic.com/xdata/images/hotel/max1024x768/473283775.jpg?k=da22034978dbe608c053aeb363fa81bff3b607aedb72b57ebc290b91c20ab105&o=&hp=1", "https://cf.bstatic.com/xdata/images/hotel/max1024x768/473283778.jpg?k=b9f2096920e9ea3fc27f166805d716fdb263f96c1c6624541151bfe4bde09a7e&o=&hp=1", "https://cf.bstatic.com/xdata/images/hotel/max1024x768/473283789.jpg?k=e11aceeedbab0170e6f5fa200a9d2fecaed5bce3c70b97daa5fab722792b8c6c&o=&hp=1", "https://cf.bstatic.com/xdata/images/hotel/max1024x768/473283793.jpg?k=7fc28b6147cb7bd610d540460332fddb2b8416f2f65b86bf2d37903ffd7bc56b&o=&hp=1", "https://cf.bstatic.com/xdata/images/hotel/max1024x768/473283797.jpg?k=030286a67ece6193f7e39ba808921beaa2642b4dbb592e71545e7b0d4cb812a1&o=&hp=1", "https://cf.bstatic.com/xdata/images/hotel/max1024x768/473283803.jpg?k=f10efb2d4aaed015bd13d202ec5e2c7270e1ae2c8e08df7d717f61d7dbdb3f40&o=&hp=1", "https://cf.bstatic.com/xdata/images/hotel/max1024x768/473283814.jpg?k=f6f5dfd1c32334313dffae383b44c2d59b06a9055968274970a95e4d8a0b6154&o=&hp=1", "https://cf.bstatic.com/xdata/images/hotel/max1024x768/473283827.jpg?k=3726acaa6e0aa557c26343201ea3ed57b2b873b83bfe3a2e51a2f1e817d86ed4&o=&hp=1", "https://cf.bstatic.com/xdata/images/hotel/max1024x768/473283834.jpg?k=4be43a019246fe95ca8736891e9c48bd60d0b4b798fc6d76ad9f0c97a19c4ba7&o=&hp=1", "https://cf.bstatic.com/xdata/images/hotel/max1024x768/473283837.jpg?k=4cabe1baf0985fa5025bb5fc1c5c654546143f737a161798b3e4fdf74c5793a4&o=&hp=1", "https://cf.bstatic.com/xdata/images/hotel/max1024x768/473283851.jpg?k=a72b22fc78cfd3a67cafa70a3d8f662e04216e3777c0938bb7a397484fb230d2&o=&hp=1", "https://cf.bstatic.com/xdata/images/hotel/max1024x768/473283855.jpg?k=78988925deaec727571621774b52be9a8d5ed6a0f0ed2af81974fb8ecac9b96d&o=&hp=1", "https://cf.bstatic.com/xdata/images/hotel/max1024x768/473283865.jpg?k=c48d61dfdc8d0ac32f5036a69b54e1734eb93f086830d49a05d7397599718cb9&o=&hp=1", "https://cf.bstatic.com/xdata/images/hotel/max1024x768/473283874.jpg?k=c2810afeeac43299e0704ca8ba73baddfc38b79289583268513353fdefadfed8&o=&hp=1", "https://cf.bstatic.com/xdata/images/hotel/max1024x768/473283879.jpg?k=bc48224c8b1d56e54b025ad8ba2ebd04e8c2180f64b75218a3b3e96caeb5125a&o=&hp=1", "https://cf.bstatic.com/xdata/images/hotel/max1024x768/473283884.jpg?k=f3e8b8cdf65add65a166420ed135431c73f30f6562b70df9347eae13fda7bde9&o=&hp=1", "https://cf.bstatic.com/xdata/images/hotel/max1024x768/473283892.jpg?k=b672b66d4da6626c13e712e4ea0773f9f515189a34348c1f8b5540fcbf914feb&o=&hp=1", "https://cf.bstatic.com/xdata/images/hotel/max1024x768/473283903.jpg?k=214c9413c5b0d873b0427542c03e75321b3f6794f3afd9a8adf3892fc2d2d428&o=&hp=1", "https://cf.bstatic.com/xdata/images/hotel/max1024x768/473283906.jpg?k=70862c06404efad2f73b965025651a8bfaa2a7d97f74761000c88545e3280371&o=&hp=1", "https://cf.bstatic.com/xdata/images/hotel/max1024x768/473283911.jpg?k=2884cceeda1ede2ebcefd11f931b432abdb1581dec890d451f0266184ade5df0&o=&hp=1", "https://cf.bstatic.com/xdata/images/hotel/max1024x768/473283915.jpg?k=329695fb70080184d3c5f5c1720f806d50b6a6abb294829709ec8580371123a1&o=&hp=1", "https://cf.bstatic.com/xdata/images/hotel/max1024x768/473283920.jpg?k=390b5296c2d8b2fb7f2aa23ec40ffa9a8698474e2019810a408ad0329d7a15e5&o=&hp=1", "https://cf.bstatic.com/xdata/images/hotel/max1024x768/473283925.jpg?k=2174758149beab348b7b714a52aa3fb18fe2e9f3e1223946b24b091b96a6a907&o=&hp=1", "https://cf.bstatic.com/xdata/images/hotel/max1024x768/473283928.jpg?k=a2d1dcc6c85aa8ce0cee3a63ee582cb54d358391ea840eb3591b4e07c9cfe20a&o=&hp=1", "https://cf.bstatic.com/xdata/images/hotel/max1024x768/473283934.jpg?k=80946665c4c887bd0b5e2b47a44fcad2833d574a89f883db919769e40a0e7cb9&o=&hp=1", "https://cf.bstatic.com/xdata/images/hotel/max1024x768/473283935.jpg?k=ebb019febe49a223ba010082f33f1502855b644053257312e9ea491b12eaa022&o=&hp=1", "https://cf.bstatic.com/xdata/images/hotel/max1024x768/473283939.jpg?k=9d345e8fa5d6a789abcc09874c313c24a9dd9cae75eeb10bcbdd8ef9d7a5bc45&o=&hp=1", "https://cf.bstatic.com/xdata/images/hotel/max1024x768/473283944.jpg?k=8f54440501b7a1ea4a4c461030ce8e220ecdfedc7549bb2585b95d23d7b64376&o=&hp=1", "https://cf.bstatic.com/xdata/images/hotel/max1024x768/473283949.jpg?k=20554379f66483e939ae64988d5cd3685839a920008b8437c27e126f726798c2&o=&hp=1", "https://cf.bstatic.com/xdata/images/hotel/max1024x768/473283955.jpg?k=06f94ed7345c0c6e25a3bbd31c56aa88103f7690c16952c0175fcdd065c2414b&o=&hp=1", "https://cf.bstatic.com/xdata/images/hotel/max1024x768/530032697.jpg?k=3a59af6a4ce99f6b23e7b5e9162e2d0d57184cc74bc885e69762869ae77a3aec&o=&hp=1", "https://cf.bstatic.com/xdata/images/hotel/max1024x768/530033233.jpg?k=74a1871ea1965f767f0f01f46cd6f787ec748f031329e4e03aa10b1a0db28dbe&o=&hp=1"]}