{"hotel_name": "Sleep-Inn-Pelham-Oak-Mountain-(Hotel)", "date_accessed": "2024-08-26", "gps": "33.33499000,-86.78614100", "address": "200 Southgate Drive, Pelham, 35124, United States of America", "rating": "8.1", "url": "https://www.booking.com/hotel/us/sleep-inn-pelham.html?aid=304142&label=gen173nr-1FCAMo7AFCCWFsYWJhc3RlckgzWARonQKIAQGYATG4AQfIAQ_YAQHoAQH4AQKIAgGoAgO4AqOtsrYGwAIB0gIkMjdmOGMwMjMtNzk1Zi00MmRlLTgwYzgtYWE5ZWI1MThiNjE42AIF4AIB&sid=f9388da8954c4dfb5d809f9137c3f1ad&dest_id=20000038&dest_type=city&dist=0&group_adults=2&group_children=0&hapos=5&hpos=5&no_rooms=1&req_adults=2&req_children=0&room1=A%2CA&sb_price_type=total&sr_order=popularity&srepoch=1724684212&srpvid=0ef96915d67505fd&type=total&ucfs=1&activeTab=photosGallery#close-lightbox", "images": ["https://cf.bstatic.com/xdata/images/hotel/max1024x768/522971413.jpg?k=4a99db1c02fa4cbee40ec8ff1a6f48b470bedf94f41825dd60869a50695a7d08&o=&hp=1", "https://cf.bstatic.com/xdata/images/hotel/max1024x768/27124336.jpg?k=7cea78ef52a501020afa495c4c563eecc95bff4cbb4c24700e911d6e7d681222&o=&hp=1", "https://cf.bstatic.com/xdata/images/hotel/max1024x768/531200726.jpg?k=928eec44478d55509294a2df41d3710260bc2d4d4969d7403ba270c157f1ff21&o=&hp=1", "https://cf.bstatic.com/xdata/images/hotel/max1024x768/531201630.jpg?k=ef03eab00aa871a47f79895a9c9d6f730f4670f51d69073ee93503e502f26fc7&o=&hp=1", "https://cf.bstatic.com/xdata/images/hotel/max1024x768/27124275.jpg?k=2f59032d25560cbab2a16f39725b515da03f0722229628ddd1a476ef6acdc31d&o=&hp=1", "https://cf.bstatic.com/xdata/images/hotel/max1024x768/522971414.jpg?k=47f8e655b2ced2a58d5cb411d7c39b6727e41858f4cafa85c3bef305d520e55d&o=&hp=1", "https://cf.bstatic.com/xdata/images/hotel/max1024x768/27124469.jpg?k=09613260b0f093fd8b65ae6f284e7913aa963dd6a0bbe1a77f9fda1d97d93bc0&o=&hp=1", "https://cf.bstatic.com/xdata/images/hotel/max1024x768/27124335.jpg?k=1c963249472ef2046caa643b1e435392c7b35cf587953f01f482f4f3b4e4d3d7&o=&hp=1", "https://cf.bstatic.com/xdata/images/hotel/max1024x768/522971410.jpg?k=31c6166d8f86fa940f70eb6a24130e5c7e9cd32bd87bbbc26e05b38e42ee6fe7&o=&hp=1", "https://cf.bstatic.com/xdata/images/hotel/max1024x768/27124556.jpg?k=be407f8a99a403ebe87968638a9a34cc6c68263a1616556c73d57ed9c13d1610&o=&hp=1", "https://cf.bstatic.com/xdata/images/hotel/max1024x768/27124326.jpg?k=0993c45beb8d8fe7df4c57ef0fe0d65ffe3499a48c6c7b029fe84fe57ad5bd3e&o=&hp=1", "https://cf.bstatic.com/xdata/images/hotel/max1024x768/27124333.jpg?k=60afc0ccabfaed70e95608746aa19b455b55df3a5fc4c086e5bf38f9bac47eaa&o=&hp=1", "https://cf.bstatic.com/xdata/images/hotel/max1024x768/531201367.jpg?k=8fa6bef92579e178848e0c38e2849f30fa3e7add206bb2dba33783b81f9307ce&o=&hp=1", "https://cf.bstatic.com/xdata/images/hotel/max1024x768/27124334.jpg?k=0daef7dfdcb9c46dd73ef947fc807cf0e883d9129bca8c1d1b0d91e0a5c7c355&o=&hp=1", "https://cf.bstatic.com/xdata/images/hotel/max1024x768/27124271.jpg?k=d46bd21b9ab06008c1ee5a5cf4457fecf338b05536a32edfbd93c9fe3cc4bce1&o=&hp=1", "https://cf.bstatic.com/xdata/images/hotel/max1024x768/531200730.jpg?k=5a7d1f6427f296e2676a6bf7474d75278c27f185084207b1579217481d86eedd&o=&hp=1", "https://cf.bstatic.com/xdata/images/hotel/max1024x768/531200727.jpg?k=b992e36bb1c5e79bb7ac0e71a347fd451cae0348f6bfea34bc4a7fffecd0522a&o=&hp=1", "https://cf.bstatic.com/xdata/images/hotel/max1024x768/531200729.jpg?k=d8f7a8a6dfb06aa1a72aa8fc7464db7afbf4d6f7af607c376d61da608ff25ec9&o=&hp=1", "https://cf.bstatic.com/xdata/images/hotel/max1024x768/522971413.jpg?k=4a99db1c02fa4cbee40ec8ff1a6f48b470bedf94f41825dd60869a50695a7d08&o=&hp=1", "https://cf.bstatic.com/xdata/images/hotel/max1024x768/522971413.jpg?k=4a99db1c02fa4cbee40ec8ff1a6f48b470bedf94f41825dd60869a50695a7d08&o=&hp=1", "https://cf.bstatic.com/xdata/images/hotel/max1024x768/522971413.jpg?k=4a99db1c02fa4cbee40ec8ff1a6f48b470bedf94f41825dd60869a50695a7d08&o=&hp=1", "https://cf.bstatic.com/xdata/images/hotel/max1024x768/27124336.jpg?k=7cea78ef52a501020afa495c4c563eecc95bff4cbb4c24700e911d6e7d681222&o=&hp=1", "https://cf.bstatic.com/xdata/images/hotel/max1024x768/531200726.jpg?k=928eec44478d55509294a2df41d3710260bc2d4d4969d7403ba270c157f1ff21&o=&hp=1", "https://cf.bstatic.com/xdata/images/hotel/max1024x768/531201630.jpg?k=ef03eab00aa871a47f79895a9c9d6f730f4670f51d69073ee93503e502f26fc7&o=&hp=1", "https://cf.bstatic.com/xdata/images/hotel/max1024x768/27124275.jpg?k=2f59032d25560cbab2a16f39725b515da03f0722229628ddd1a476ef6acdc31d&o=&hp=1", "https://cf.bstatic.com/xdata/images/hotel/max1024x768/522971414.jpg?k=47f8e655b2ced2a58d5cb411d7c39b6727e41858f4cafa85c3bef305d520e55d&o=&hp=1", "https://cf.bstatic.com/xdata/images/hotel/max1024x768/27124469.jpg?k=09613260b0f093fd8b65ae6f284e7913aa963dd6a0bbe1a77f9fda1d97d93bc0&o=&hp=1", "https://cf.bstatic.com/xdata/images/hotel/max1024x768/27124335.jpg?k=1c963249472ef2046caa643b1e435392c7b35cf587953f01f482f4f3b4e4d3d7&o=&hp=1", "https://cf.bstatic.com/xdata/images/hotel/max1024x768/522971410.jpg?k=31c6166d8f86fa940f70eb6a24130e5c7e9cd32bd87bbbc26e05b38e42ee6fe7&o=&hp=1", "https://cf.bstatic.com/xdata/images/hotel/max1024x768/27124556.jpg?k=be407f8a99a403ebe87968638a9a34cc6c68263a1616556c73d57ed9c13d1610&o=&hp=1", "https://cf.bstatic.com/xdata/images/hotel/max1024x768/27124326.jpg?k=0993c45beb8d8fe7df4c57ef0fe0d65ffe3499a48c6c7b029fe84fe57ad5bd3e&o=&hp=1", "https://cf.bstatic.com/xdata/images/hotel/max1024x768/27124333.jpg?k=60afc0ccabfaed70e95608746aa19b455b55df3a5fc4c086e5bf38f9bac47eaa&o=&hp=1", "https://cf.bstatic.com/xdata/images/hotel/max1024x768/531201367.jpg?k=8fa6bef92579e178848e0c38e2849f30fa3e7add206bb2dba33783b81f9307ce&o=&hp=1", "https://cf.bstatic.com/xdata/images/hotel/max1024x768/27124334.jpg?k=0daef7dfdcb9c46dd73ef947fc807cf0e883d9129bca8c1d1b0d91e0a5c7c355&o=&hp=1", "https://cf.bstatic.com/xdata/images/hotel/max1024x768/27124271.jpg?k=d46bd21b9ab06008c1ee5a5cf4457fecf338b05536a32edfbd93c9fe3cc4bce1&o=&hp=1", "https://cf.bstatic.com/xdata/images/hotel/max1024x768/531200730.jpg?k=5a7d1f6427f296e2676a6bf7474d75278c27f185084207b1579217481d86eedd&o=&hp=1", "https://cf.bstatic.com/xdata/images/hotel/max1024x768/531200727.jpg?k=b992e36bb1c5e79bb7ac0e71a347fd451cae0348f6bfea34bc4a7fffecd0522a&o=&hp=1", "https://cf.bstatic.com/xdata/images/hotel/max1024x768/531200729.jpg?k=d8f7a8a6dfb06aa1a72aa8fc7464db7afbf4d6f7af607c376d61da608ff25ec9&o=&hp=1", "https://cf.bstatic.com/xdata/images/hotel/max1024x768/522971413.jpg?k=4a99db1c02fa4cbee40ec8ff1a6f48b470bedf94f41825dd60869a50695a7d08&o=&hp=1"]}