{"hotel_name": "Hampton-Inn-&-Suites-Porter-Ranch-Los-Angeles-(Hotel),-Deer-Lake-Highlands", "date_accessed": "2024-10-21", "gps": "34.27442000,-118.57400000", "address": "20150 Rinaldi Street, Deer Lake Highlands, CA 91326, United States of America", "rating": "No Rating", "url": "https://www.booking.com/hotel/us/hampton-inn-suites-porter-ranch-los-angeles.html", "images": ["https://cf.bstatic.com/xdata/images/hotel/max1024x768/512670492.jpg?k=5f92494d9ff3d31fa69f4ab00d9b02fa666e7ecbaee1969ac604ecc4cfb4e0cf&o=&hp=1", "https://cf.bstatic.com/xdata/images/hotel/max1024x768/512670492.jpg?k=5f92494d9ff3d31fa69f4ab00d9b02fa666e7ecbaee1969ac604ecc4cfb4e0cf&o=&hp=1"]}