{"hotel_name": "Rancho-Santa-Cruz-(Bed-and-Breakfast),-Tubac", "date_accessed": "2024-09-07", "gps": "31.54348203,-111.04144232", "address": "1709 Interstate 19 Frontage Road, Tubac, AZ 85640, United States of America", "rating": "9.4", "url": "https://www.booking.com/hotel/us/rancho-santa-cruz.html?aid=304142&label=gen173nr-1FCAMo7AFCB25vZ2FsZXNIM1gEaJ0CiAEBmAExuAEHyAEP2AEB6AEB-AECiAIBqAIDuALovu-2BsACAdICJGQzZTU0MDA0LTc1ZDAtNDNmYS05ZGQzLTY2ZGMwMzYzOTljOdgCBeACAQ&sid=884ad8fe1a63552352b6042c37023d45&dest_id=20006763&dest_type=city&dist=0&group_adults=2&group_children=0&hapos=10&hpos=10&no_rooms=1&req_adults=2&req_children=0&room1=A%2CA&sb_price_type=total&sr_order=popularity&srepoch=1725687121&srpvid=959326dc12b50015&type=total&ucfs=1&activeTab=photosGallery#close-lightbox", "images": ["https://cf.bstatic.com/xdata/images/hotel/max1024x768/410597459.jpg?k=ba2a6231d5dcb66c055423bd88e2f2006106f461be3b6f3f83abb776d1dcb8ba&o=&hp=1", "https://cf.bstatic.com/xdata/images/hotel/max1024x768/410597585.jpg?k=b1c94a8fec1d505ea0dccf7cc5cb87b13299a76fc5c76c64d35b07cc9761e849&o=&hp=1", "https://cf.bstatic.com/xdata/images/hotel/max1024x768/410597474.jpg?k=66ec54d494110d552836ae4046e01bceb5e54aa31ebba6dbd62987135c3ed8d6&o=&hp=1", "https://cf.bstatic.com/xdata/images/hotel/max1024x768/421645923.jpg?k=52bb0dec4ef08c08b5a7839f6788b6db498c5bab07a015e036ea21db8e1e938b&o=&hp=1", "https://cf.bstatic.com/xdata/images/hotel/max1024x768/410587942.jpg?k=94f586c4d22ad5c356eadc9fb74dc821e31756fc128e649e0cecf69320ba12a0&o=&hp=1", "https://cf.bstatic.com/xdata/images/hotel/max1024x768/410600338.jpg?k=90357f6738e2c98b4d936dd2d50de177cc1f4dbbac83783733733276d4130ad0&o=&hp=1", "https://cf.bstatic.com/xdata/images/hotel/max1024x768/410599826.jpg?k=f26ba8755f4cc790a2a3b6fc8cdc6440d27801a559eb317205244beca23e276b&o=&hp=1", "https://cf.bstatic.com/xdata/images/hotel/max1024x768/410597579.jpg?k=dd1d755e1ba5c3f27fa1b7a88fcb1328476cca3be2d62c7abf05d5d9e0d737aa&o=&hp=1", "https://cf.bstatic.com/xdata/images/hotel/max1024x768/410587491.jpg?k=8d1149d3c6048df1b9e7af8cfe7713938b710e07ae9782192bf756132b94a915&o=&hp=1", "https://cf.bstatic.com/xdata/images/hotel/max1024x768/421644492.jpg?k=fd10bb6ad05fff88f63c006fb83d98ae0b08914180ca08a5c62cfd6690ba7107&o=&hp=1", "https://cf.bstatic.com/xdata/images/hotel/max1024x768/421645836.jpg?k=2c7a4ef7f4bf4b533c77d6fbfd4a9bb3af03f806037092338c9710c29f6590d1&o=&hp=1", "https://cf.bstatic.com/xdata/images/hotel/max1024x768/421646722.jpg?k=8ecdb46920ffdeb030c3239534266954b9d9cbfa936812d3470ca191cd1468a5&o=&hp=1", "https://cf.bstatic.com/xdata/images/hotel/max1024x768/410597459.jpg?k=ba2a6231d5dcb66c055423bd88e2f2006106f461be3b6f3f83abb776d1dcb8ba&o=&hp=1", "https://cf.bstatic.com/xdata/images/hotel/max1024x768/410597459.jpg?k=ba2a6231d5dcb66c055423bd88e2f2006106f461be3b6f3f83abb776d1dcb8ba&o=&hp=1", "https://cf.bstatic.com/xdata/images/hotel/max1024x768/410597459.jpg?k=ba2a6231d5dcb66c055423bd88e2f2006106f461be3b6f3f83abb776d1dcb8ba&o=&hp=1", "https://cf.bstatic.com/xdata/images/hotel/max1024x768/410597585.jpg?k=b1c94a8fec1d505ea0dccf7cc5cb87b13299a76fc5c76c64d35b07cc9761e849&o=&hp=1", "https://cf.bstatic.com/xdata/images/hotel/max1024x768/410597474.jpg?k=66ec54d494110d552836ae4046e01bceb5e54aa31ebba6dbd62987135c3ed8d6&o=&hp=1", "https://cf.bstatic.com/xdata/images/hotel/max1024x768/421645923.jpg?k=52bb0dec4ef08c08b5a7839f6788b6db498c5bab07a015e036ea21db8e1e938b&o=&hp=1", "https://cf.bstatic.com/xdata/images/hotel/max1024x768/410587942.jpg?k=94f586c4d22ad5c356eadc9fb74dc821e31756fc128e649e0cecf69320ba12a0&o=&hp=1", "https://cf.bstatic.com/xdata/images/hotel/max1024x768/410600338.jpg?k=90357f6738e2c98b4d936dd2d50de177cc1f4dbbac83783733733276d4130ad0&o=&hp=1", "https://cf.bstatic.com/xdata/images/hotel/max1024x768/410599826.jpg?k=f26ba8755f4cc790a2a3b6fc8cdc6440d27801a559eb317205244beca23e276b&o=&hp=1", "https://cf.bstatic.com/xdata/images/hotel/max1024x768/410597579.jpg?k=dd1d755e1ba5c3f27fa1b7a88fcb1328476cca3be2d62c7abf05d5d9e0d737aa&o=&hp=1", "https://cf.bstatic.com/xdata/images/hotel/max1024x768/410587491.jpg?k=8d1149d3c6048df1b9e7af8cfe7713938b710e07ae9782192bf756132b94a915&o=&hp=1", "https://cf.bstatic.com/xdata/images/hotel/max1024x768/421644492.jpg?k=fd10bb6ad05fff88f63c006fb83d98ae0b08914180ca08a5c62cfd6690ba7107&o=&hp=1", "https://cf.bstatic.com/xdata/images/hotel/max1024x768/421645836.jpg?k=2c7a4ef7f4bf4b533c77d6fbfd4a9bb3af03f806037092338c9710c29f6590d1&o=&hp=1", "https://cf.bstatic.com/xdata/images/hotel/max1024x768/421646722.jpg?k=8ecdb46920ffdeb030c3239534266954b9d9cbfa936812d3470ca191cd1468a5&o=&hp=1", "https://cf.bstatic.com/xdata/images/hotel/max1024x768/410597459.jpg?k=ba2a6231d5dcb66c055423bd88e2f2006106f461be3b6f3f83abb776d1dcb8ba&o=&hp=1"]}