{"hotel_name": "Hampton-Inn-Cabot-(Hotel)", "date_accessed": "2024-08-28", "gps": "34.97670403,-92.03584947", "address": "200 Home Depot Drive, Cabot, AR 72023, United States of America", "rating": "9.3", "url": "https://www.booking.com/hotel/us/hampton-inn-cabot-ar.html?aid=304142&label=gen173nr-1FCAMo7AFCBWNhYm90SDNYBGidAogBAZgBMbgBB8gBD9gBAegBAfgBAogCAagCA7gCg-a6tgbAAgHSAiQyNzhlNTY0OC1hZDMzLTRmZWMtODJhMC02ZGQ0ZWMwNDU4OTfYAgXgAgE&sid=3c780f0c67e8a7d80daf281d3d1e8d3e&dest_id=20008076&dest_type=city&dist=0&group_adults=2&group_children=0&hapos=5&hpos=5&no_rooms=1&req_adults=2&req_children=0&room1=A%2CA&sb_price_type=total&sr_order=popularity&srepoch=1724822507&srpvid=52a425b1f04106e8&type=total&ucfs=1&activeTab=photosGallery#close-lightbox", "images": ["https://cf.bstatic.com/xdata/images/hotel/max1024x768/528763947.jpg?k=92f747001809557b2a3538e911f72eab735c5192060b6079f85e3131679a1f02&o=&hp=1", "https://cf.bstatic.com/xdata/images/hotel/max1024x768/528763947.jpg?k=92f747001809557b2a3538e911f72eab735c5192060b6079f85e3131679a1f02&o=&hp=1", "https://cf.bstatic.com/xdata/images/hotel/max1024x768/528763947.jpg?k=92f747001809557b2a3538e911f72eab735c5192060b6079f85e3131679a1f02&o=&hp=1", "https://cf.bstatic.com/xdata/images/hotel/max1024x768/528763947.jpg?k=92f747001809557b2a3538e911f72eab735c5192060b6079f85e3131679a1f02&o=&hp=1", "https://cf.bstatic.com/xdata/images/hotel/max1024x768/528763947.jpg?k=92f747001809557b2a3538e911f72eab735c5192060b6079f85e3131679a1f02&o=&hp=1"]}