{"hotel_name": "Coach-Light-Motel-(Hotel),-Heme", "date_accessed": "2024-10-06", "gps": "33.74833700,-116.98836500", "address": "1640 West Florida Ave, Hemet, CA 92543, United States", "rating": "7", "url": "https://www.booking.com/hotel/us/coach-light-motel.html", "images": ["https://cf.bstatic.com/xdata/images/hotel/max1024x768/451267883.jpg?k=f913d706d098c171cf1d4e0abd9ba032ba8f4d2741df9f19fe4f2ea729d2beb0&o=&hp=1", "https://cf.bstatic.com/xdata/images/hotel/max1024x768/451267883.jpg?k=f913d706d098c171cf1d4e0abd9ba032ba8f4d2741df9f19fe4f2ea729d2beb0&o=&hp=1"]}