{"hotel_name": "RAMONA-MOTEL-(Hotel),-Hemet", "date_accessed": "2024-10-06", "gps": "33.74788400,-116.96003800", "address": "1120 East Florida Avenue, Hemet, CA 92543, United States of America", "rating": "4.5", "url": "https://www.booking.com/hotel/us/ramona-motel-hemet1.html", "images": ["https://cf.bstatic.com/xdata/images/hotel/max1024x768/290147698.jpg?k=9fee031ec161befe66bafc76a47dee1ff709e04d99682962733b5b00390a45fe&o=&hp=1", "https://cf.bstatic.com/xdata/images/hotel/max1024x768/290147698.jpg?k=9fee031ec161befe66bafc76a47dee1ff709e04d99682962733b5b00390a45fe&o=&hp=1", "https://cf.bstatic.com/xdata/images/hotel/max1024x768/290147739.jpg?k=c5ec8452cbfe0cb20f77ab5f9006138f6b802bcd1e281cc17ef6f939659ddd03&o=&hp=1", "https://cf.bstatic.com/xdata/images/hotel/max1024x768/290147740.jpg?k=46012861cfdc3d42b95e220c9e4eec304674a71211b56797ba8649ef00c74eec&o=&hp=1", "https://cf.bstatic.com/xdata/images/hotel/max1024x768/290147741.jpg?k=89f6580589190b51ab9f327e87d119716de1d1621dc2af15f133293aeb309f41&o=&hp=1"]}