{"hotel_name": "Vagabond-Inn-Hemet-(Hotel)", "date_accessed": "2024-10-06", "gps": "33.74836700,-116.94364300", "address": "2688 East Florida Avenue, Hemet, CA 92544, United States of America", "rating": "5.4", "url": "https://www.booking.com/hotel/us/vagabond-inn-hemet1.html", "images": ["https://cf.bstatic.com/xdata/images/hotel/max1024x768/394974340.jpg?k=12eb7dadb3c49ac1e225677016369ed4a142420784d7b00decab22992272a551&o=&hp=1", "https://cf.bstatic.com/xdata/images/hotel/max1024x768/394974340.jpg?k=12eb7dadb3c49ac1e225677016369ed4a142420784d7b00decab22992272a551&o=&hp=1"]}