{"hotel_name": "Candlewood-Suites-Nogales,-an-IHG-Hotel-(Hotel)", "date_accessed": "2024-09-07", "gps": "GPS Coordinates not found", "address": "875 North Frank Reed Road, Nogales, AZ 85621, United States of America \u2013 Great location", "rating": "7.8", "url": "https://www.booking.com/hotel/us/nogales-875-north-frank-reed-road.html?aid=304142&label=gen173nr-1FCAMo7AFCB25vZ2FsZXNIM1gEaJ0CiAEBmAExuAEHyAEP2AEB6AEB-AECiAIBqAIDuALovu-2BsACAdICJGQzZTU0MDA0LTc1ZDAtNDNmYS05ZGQzLTY2ZGMwMzYzOTljOdgCBeACAQ&sid=7b1d77f596bb2d4fba82d8fe551d759d&dest_id=20006763&dest_type=city&dist=0&group_adults=2&group_children=0&hapos=8&hpos=8&no_rooms=1&req_adults=2&req_children=0&room1=A%2CA&sb_price_type=total&sr_order=popularity&srepoch=1725686809&srpvid=ebdb263e332e0100&type=total&ucfs=1&activeTab=photosGallery#close-lightbox", "images": ["https://cf.bstatic.com/xdata/images/hotel/max1024x768/234562929.jpg?k=a9469fc94e109dfaeee8387502b226a7ce3e041a930b419fb04f5b4230468e7c&o=&hp=1", "https://cf.bstatic.com/xdata/images/hotel/max1024x768/234562760.jpg?k=acbe4c7a91b024ac8f9a9e7628d58d81739ccad3ddc20d9683f3252f1388bfde&o=&hp=1", "https://cf.bstatic.com/xdata/images/hotel/max1024x768/247997422.jpg?k=4143fae2705891e7f6cbd9418a9523112ae2d661af830fe2dac68790b55511e7&o=&hp=1", "https://cf.bstatic.com/xdata/images/hotel/max1024x768/234562820.jpg?k=2f54e97257b5229e31a4519d73b4fea70a583eda6d638655600a20d5c38452d6&o=&hp=1", "https://cf.bstatic.com/xdata/images/hotel/max1024x768/247997453.jpg?k=fe7e274ae888015366e9eeed09d05e62e024c6df8eaec648fccad0dc47ddb2c2&o=&hp=1", "https://cf.bstatic.com/xdata/images/hotel/max1024x768/234562606.jpg?k=f08584f88e6ef80c08c8fcd0a5aff0460d734fcf31d3213f92d110dc4dce069d&o=&hp=1", "https://cf.bstatic.com/xdata/images/hotel/max1024x768/289921036.jpg?k=5c88c819a910e356526d2989b54aad5cfc9d688e7ea15abbdbf4aee469d22a56&o=&hp=1", "https://cf.bstatic.com/xdata/images/hotel/max1024x768/370190641.jpg?k=bb3aeffb4a51cf28eea120cbc2fb5ab819cb107483e294c722f6f3dbcfa61242&o=&hp=1", "https://cf.bstatic.com/xdata/images/hotel/max1024x768/234562696.jpg?k=c8854e8235f814ba3f09c41c1020d5482caf089c380d8e8c3466f594e8544df0&o=&hp=1", "https://cf.bstatic.com/xdata/images/hotel/max1024x768/234562594.jpg?k=8a4a22fcb6731fe2a6b0cd2988c993338f35da7b92af70af602b84a16560fc95&o=&hp=1", "https://cf.bstatic.com/xdata/images/hotel/max1024x768/234563070.jpg?k=18e27c75674b110e88af3e5cb075652ab1f0c69cb9df62d36c29fd4e46a92b4e&o=&hp=1", "https://cf.bstatic.com/xdata/images/hotel/max1024x768/370190639.jpg?k=8b51127abfa1894de162406225ed0d252c9efa0c1da7454e6b1252286f898f94&o=&hp=1", "https://cf.bstatic.com/xdata/images/hotel/max1024x768/234563053.jpg?k=34c4afc13596b5b05b844f45f5a32f8f13b064fb556193aea1cbf85de536a3da&o=&hp=1", "https://cf.bstatic.com/xdata/images/hotel/max1024x768/370190638.jpg?k=c359039ef2c09bd011f0778e887117a34abc4f5a9168f4542dad2cce2f31fb9c&o=&hp=1", "https://cf.bstatic.com/xdata/images/hotel/max1024x768/234563041.jpg?k=76099fde980fb32a071471cf2971570747f73d139fcc3c255f6168072a881215&o=&hp=1", "https://cf.bstatic.com/xdata/images/hotel/max1024x768/234562985.jpg?k=4fdedf193b6b6cad90f250180d1e0afccd5ef5a2d63c6934fd7a7c9e76aa0294&o=&hp=1", "https://cf.bstatic.com/xdata/images/hotel/max1024x768/234562602.jpg?k=ea8e0f4a662918e3e1e784329af272b73af65dd27be68fa4872c6b7c87d4f999&o=&hp=1", "https://cf.bstatic.com/xdata/images/hotel/max1024x768/234562668.jpg?k=e2012abb90b9703028a6cc2796d0714f3ce2d78bd49ad323984bc96d68351c4f&o=&hp=1", "https://cf.bstatic.com/xdata/images/hotel/max1024x768/234562653.jpg?k=8fe5d56eb0ef32ae9bf8124bdf498f0b09b0e57bde41f13189ea8ec92acdf37a&o=&hp=1", "https://cf.bstatic.com/xdata/images/hotel/max1024x768/370190649.jpg?k=af86bd54db653be477e5a013e66672dbca7e0372cbc59d40a0b51da1ba4df1d5&o=&hp=1", "https://cf.bstatic.com/xdata/images/hotel/max1024x768/247997429.jpg?k=72f46bd2eb13bedd149501b847c6b1c58b1f538d420bb11907d00c9c05f087f0&o=&hp=1", "https://cf.bstatic.com/xdata/images/hotel/max1024x768/234563072.jpg?k=210e642ae9d5979d8708d68784631cadf1b9dc9e894db6d86a6c920d54e5e0df&o=&hp=1", "https://cf.bstatic.com/xdata/images/hotel/max1024x768/234562800.jpg?k=4f7cb6d957d0a3b00832bbc552d2a2efba21f6775b90f5dcc791730913870438&o=&hp=1", "https://cf.bstatic.com/xdata/images/hotel/max1024x768/234562914.jpg?k=422186415a175788327032ec111ecb225fda60fa2b8d55d169ae130e989baa2c&o=&hp=1", "https://cf.bstatic.com/xdata/images/hotel/max1024x768/234562847.jpg?k=0d3557de15ead5ca85e31cc706affccd0e08e59b410919c07a83e23e8669cea7&o=&hp=1", "https://cf.bstatic.com/xdata/images/hotel/max1024x768/234562827.jpg?k=1f2b553a256055246bf67513523457ad38a2d1813c02267a55411364b102f6a9&o=&hp=1", "https://cf.bstatic.com/xdata/images/hotel/max1024x768/234562674.jpg?k=d83487326d9cbdf624d5d892a25c7fab2331144abbf5fcd37ea5ec2f39954e01&o=&hp=1", "https://cf.bstatic.com/xdata/images/hotel/max1024x768/234562765.jpg?k=734abf84440f2f68be8d5c66c956bab192cfb1ea4b514305f6e29755aac4c37e&o=&hp=1", "https://cf.bstatic.com/xdata/images/hotel/max1024x768/234562673.jpg?k=ee37dfc97af3313be395dd1aaa17c6a52a36dbbb735ab76591fa21bee7e83091&o=&hp=1", "https://cf.bstatic.com/xdata/images/hotel/max1024x768/247997464.jpg?k=a3e122ef3aa64a13bb9aae09efd6bb5ee34ec9448f3714a9924a1953f996abce&o=&hp=1", "https://cf.bstatic.com/xdata/images/hotel/max1024x768/247997454.jpg?k=3cbb5ecb486d5264220a463c233c2c5a92d956d58464e103b74a961122edde19&o=&hp=1", "https://cf.bstatic.com/xdata/images/hotel/max1024x768/247997431.jpg?k=479bb57a34aaffd107c0501297cc824581680cfafdbf92d53d3df96530d70df5&o=&hp=1", "https://cf.bstatic.com/xdata/images/hotel/max1024x768/247997451.jpg?k=17ca8a5e7de73c69d1e60481a5b3a872ad932afed8422dcd3d88dabb9438585a&o=&hp=1", "https://cf.bstatic.com/xdata/images/hotel/max1024x768/234562929.jpg?k=a9469fc94e109dfaeee8387502b226a7ce3e041a930b419fb04f5b4230468e7c&o=&hp=1", "https://cf.bstatic.com/xdata/images/hotel/max1024x768/234562760.jpg?k=acbe4c7a91b024ac8f9a9e7628d58d81739ccad3ddc20d9683f3252f1388bfde&o=&hp=1", "https://cf.bstatic.com/xdata/images/hotel/max1024x768/247997422.jpg?k=4143fae2705891e7f6cbd9418a9523112ae2d661af830fe2dac68790b55511e7&o=&hp=1", "https://cf.bstatic.com/xdata/images/hotel/max1024x768/234562820.jpg?k=2f54e97257b5229e31a4519d73b4fea70a583eda6d638655600a20d5c38452d6&o=&hp=1", "https://cf.bstatic.com/xdata/images/hotel/max1024x768/247997453.jpg?k=fe7e274ae888015366e9eeed09d05e62e024c6df8eaec648fccad0dc47ddb2c2&o=&hp=1", "https://cf.bstatic.com/xdata/images/hotel/max1024x768/234562606.jpg?k=f08584f88e6ef80c08c8fcd0a5aff0460d734fcf31d3213f92d110dc4dce069d&o=&hp=1", "https://cf.bstatic.com/xdata/images/hotel/max1024x768/289921036.jpg?k=5c88c819a910e356526d2989b54aad5cfc9d688e7ea15abbdbf4aee469d22a56&o=&hp=1", "https://cf.bstatic.com/xdata/images/hotel/max1024x768/370190641.jpg?k=bb3aeffb4a51cf28eea120cbc2fb5ab819cb107483e294c722f6f3dbcfa61242&o=&hp=1", "https://cf.bstatic.com/xdata/images/hotel/max1024x768/234562696.jpg?k=c8854e8235f814ba3f09c41c1020d5482caf089c380d8e8c3466f594e8544df0&o=&hp=1", "https://cf.bstatic.com/xdata/images/hotel/max1024x768/234562594.jpg?k=8a4a22fcb6731fe2a6b0cd2988c993338f35da7b92af70af602b84a16560fc95&o=&hp=1", "https://cf.bstatic.com/xdata/images/hotel/max1024x768/234563070.jpg?k=18e27c75674b110e88af3e5cb075652ab1f0c69cb9df62d36c29fd4e46a92b4e&o=&hp=1", "https://cf.bstatic.com/xdata/images/hotel/max1024x768/370190639.jpg?k=8b51127abfa1894de162406225ed0d252c9efa0c1da7454e6b1252286f898f94&o=&hp=1", "https://cf.bstatic.com/xdata/images/hotel/max1024x768/234563053.jpg?k=34c4afc13596b5b05b844f45f5a32f8f13b064fb556193aea1cbf85de536a3da&o=&hp=1", "https://cf.bstatic.com/xdata/images/hotel/max1024x768/370190638.jpg?k=c359039ef2c09bd011f0778e887117a34abc4f5a9168f4542dad2cce2f31fb9c&o=&hp=1", "https://cf.bstatic.com/xdata/images/hotel/max1024x768/234563041.jpg?k=76099fde980fb32a071471cf2971570747f73d139fcc3c255f6168072a881215&o=&hp=1", "https://cf.bstatic.com/xdata/images/hotel/max1024x768/234562985.jpg?k=4fdedf193b6b6cad90f250180d1e0afccd5ef5a2d63c6934fd7a7c9e76aa0294&o=&hp=1", "https://cf.bstatic.com/xdata/images/hotel/max1024x768/234562602.jpg?k=ea8e0f4a662918e3e1e784329af272b73af65dd27be68fa4872c6b7c87d4f999&o=&hp=1", "https://cf.bstatic.com/xdata/images/hotel/max1024x768/234562668.jpg?k=e2012abb90b9703028a6cc2796d0714f3ce2d78bd49ad323984bc96d68351c4f&o=&hp=1", "https://cf.bstatic.com/xdata/images/hotel/max1024x768/234562653.jpg?k=8fe5d56eb0ef32ae9bf8124bdf498f0b09b0e57bde41f13189ea8ec92acdf37a&o=&hp=1", "https://cf.bstatic.com/xdata/images/hotel/max1024x768/370190649.jpg?k=af86bd54db653be477e5a013e66672dbca7e0372cbc59d40a0b51da1ba4df1d5&o=&hp=1", "https://cf.bstatic.com/xdata/images/hotel/max1024x768/247997429.jpg?k=72f46bd2eb13bedd149501b847c6b1c58b1f538d420bb11907d00c9c05f087f0&o=&hp=1", "https://cf.bstatic.com/xdata/images/hotel/max1024x768/234563072.jpg?k=210e642ae9d5979d8708d68784631cadf1b9dc9e894db6d86a6c920d54e5e0df&o=&hp=1", "https://cf.bstatic.com/xdata/images/hotel/max1024x768/234562800.jpg?k=4f7cb6d957d0a3b00832bbc552d2a2efba21f6775b90f5dcc791730913870438&o=&hp=1", "https://cf.bstatic.com/xdata/images/hotel/max1024x768/234562914.jpg?k=422186415a175788327032ec111ecb225fda60fa2b8d55d169ae130e989baa2c&o=&hp=1", "https://cf.bstatic.com/xdata/images/hotel/max1024x768/234562847.jpg?k=0d3557de15ead5ca85e31cc706affccd0e08e59b410919c07a83e23e8669cea7&o=&hp=1", "https://cf.bstatic.com/xdata/images/hotel/max1024x768/234562827.jpg?k=1f2b553a256055246bf67513523457ad38a2d1813c02267a55411364b102f6a9&o=&hp=1", "https://cf.bstatic.com/xdata/images/hotel/max1024x768/234562674.jpg?k=d83487326d9cbdf624d5d892a25c7fab2331144abbf5fcd37ea5ec2f39954e01&o=&hp=1", "https://cf.bstatic.com/xdata/images/hotel/max1024x768/234562765.jpg?k=734abf84440f2f68be8d5c66c956bab192cfb1ea4b514305f6e29755aac4c37e&o=&hp=1", "https://cf.bstatic.com/xdata/images/hotel/max1024x768/234562673.jpg?k=ee37dfc97af3313be395dd1aaa17c6a52a36dbbb735ab76591fa21bee7e83091&o=&hp=1", "https://cf.bstatic.com/xdata/images/hotel/max1024x768/247997464.jpg?k=a3e122ef3aa64a13bb9aae09efd6bb5ee34ec9448f3714a9924a1953f996abce&o=&hp=1", "https://cf.bstatic.com/xdata/images/hotel/max1024x768/247997454.jpg?k=3cbb5ecb486d5264220a463c233c2c5a92d956d58464e103b74a961122edde19&o=&hp=1", "https://cf.bstatic.com/xdata/images/hotel/max1024x768/247997431.jpg?k=479bb57a34aaffd107c0501297cc824581680cfafdbf92d53d3df96530d70df5&o=&hp=1", "https://cf.bstatic.com/xdata/images/hotel/max1024x768/247997451.jpg?k=17ca8a5e7de73c69d1e60481a5b3a872ad932afed8422dcd3d88dabb9438585a&o=&hp=1"]}