{"hotel_name": "El-Dorado-Inn-Suites---Nogales-(Motel)", "date_accessed": "2024-09-07", "gps": "31.34815060,-110.92956430", "address": "884 North Grand Avenue, Nogales, AZ 85621, United States of America \u2013 Great location", "rating": "6.7", "url": "https://www.booking.com/hotel/us/el-dorado-inn-suites-nogales.html?aid=304142&label=gen173nr-1FCAMo7AFCB25vZ2FsZXNIM1gEaJ0CiAEBmAExuAEHyAEP2AEB6AEB-AECiAIBqAIDuALovu-2BsACAdICJGQzZTU0MDA0LTc1ZDAtNDNmYS05ZGQzLTY2ZGMwMzYzOTljOdgCBeACAQ&sid=3e50f33071718412c7662a5ed6de617d&dest_id=20006763&dest_type=city&dist=0&group_adults=2&group_children=0&hapos=6&hpos=6&no_rooms=1&req_adults=2&req_children=0&room1=A%2CA&sb_price_type=total&sr_order=popularity&srepoch=1725686531&srpvid=8e0a25b59381005d&type=total&ucfs=1&activeTab=photosGallery#close-lightbox", "images": ["https://cf.bstatic.com/xdata/images/hotel/max1024x768/85004988.jpg?k=80b570ac02631622b95a10d821eef0af461c661f71d67da238891b6003deba80&o=&hp=1", "https://cf.bstatic.com/xdata/images/hotel/max1024x768/3747494.jpg?k=4aaafd1977ad0c458410c40c224ce706c6c93dcfed53002604a605555b99ab53&o=&hp=1", "https://cf.bstatic.com/xdata/images/hotel/max1024x768/3747489.jpg?k=e15ac93d6855487ce8c26b4fea2feffbd5bb5705dd2585c21a6f71c93bca5396&o=&hp=1", "https://cf.bstatic.com/xdata/images/hotel/max1024x768/3747482.jpg?k=5bfeff5536641fd1e33b7fc39e7350223e6d75b4c705115c3fcf294fdeacf114&o=&hp=1", "https://cf.bstatic.com/xdata/images/hotel/max1024x768/85004988.jpg?k=80b570ac02631622b95a10d821eef0af461c661f71d67da238891b6003deba80&o=&hp=1", "https://cf.bstatic.com/xdata/images/hotel/max1024x768/3747494.jpg?k=4aaafd1977ad0c458410c40c224ce706c6c93dcfed53002604a605555b99ab53&o=&hp=1", "https://cf.bstatic.com/xdata/images/hotel/max1024x768/3747489.jpg?k=e15ac93d6855487ce8c26b4fea2feffbd5bb5705dd2585c21a6f71c93bca5396&o=&hp=1", "https://cf.bstatic.com/xdata/images/hotel/max1024x768/3747482.jpg?k=5bfeff5536641fd1e33b7fc39e7350223e6d75b4c705115c3fcf294fdeacf114&o=&hp=1"]}