{"hotel_name": "Siesta-Motel-(Motel),-Nogale", "date_accessed": "2024-09-07", "gps": "31.34495886,-110.93154609", "address": "673 North Grand Avenue, Nogales, AZ 85612, United States \u2013 Great location", "rating": "7.8", "url": "https://www.booking.com/hotel/us/siesta-motel-nogales.html?aid=304142&label=gen173nr-1FCAMo7AFCB25vZ2FsZXNIM1gEaJ0CiAEBmAExuAEHyAEP2AEB6AEB-AECiAIBqAIDuALovu-2BsACAdICJGQzZTU0MDA0LTc1ZDAtNDNmYS05ZGQzLTY2ZGMwMzYzOTljOdgCBeACAQ&sid=730948d5b15b1405d9af2337006534ec&dest_id=20006763&dest_type=city&dist=0&group_adults=2&group_children=0&hapos=2&hpos=2&no_rooms=1&req_adults=2&req_children=0&room1=A%2CA&sb_price_type=total&sr_order=popularity&srepoch=1725685929&srpvid=3e432485bf9304bf&type=total&ucfs=1&activeTab=photosGallery#close-lightbox", "images": ["https://cf.bstatic.com/xdata/images/hotel/max1024x768/209190612.jpg?k=4e75e9c1127414f2dc4b1c24b317adc95d79b26ec6261cd93392b0c7b7dfef21&o=&hp=1", "https://cf.bstatic.com/xdata/images/hotel/max1024x768/209190737.jpg?k=36b415900bf2e3ffb2c981e41721b43a541e55f0fcf7f6879850fcc88e3084e8&o=&hp=1", "https://cf.bstatic.com/xdata/images/hotel/max1024x768/189986166.jpg?k=793f22f5bd29eee0528ac5d7f034c0dad2e4df78c6c02ecd83e1c7bc388a9987&o=&hp=1", "https://cf.bstatic.com/xdata/images/hotel/max1024x768/3764157.jpg?k=fd447abffdf2b29a578aaa174c9fb49c3d057149328c840113f3da10b9650ff1&o=&hp=1", "https://cf.bstatic.com/xdata/images/hotel/max1024x768/3764479.jpg?k=7d3ec48fe6034dc20f4805a4ee7e5d796af6ec0333b6691daf31275082fec421&o=&hp=1", "https://cf.bstatic.com/xdata/images/hotel/max1024x768/189985946.jpg?k=d0fa6fc43dfc5197d4edde891fb60ec215ba4fe82737e59a76eb5cd4915faa74&o=&hp=1", "https://cf.bstatic.com/xdata/images/hotel/max1024x768/209185809.jpg?k=facacad88ead8f4f1ad850670d2c5fbd48e9107312cc6118eeeab08ea993b5f3&o=&hp=1", "https://cf.bstatic.com/xdata/images/hotel/max1024x768/209190639.jpg?k=b4befecdc233e114f694b569db88ef1028637440a0bcce24d7143d688174fd80&o=&hp=1", "https://cf.bstatic.com/xdata/images/hotel/max1024x768/189986090.jpg?k=53a12f24c1fc461c37e0280514cf75eb867845709d3d7817d00916cc9d7fc33d&o=&hp=1", "https://cf.bstatic.com/xdata/images/hotel/max1024x768/3764159.jpg?k=9d086e8b37f0224a1307738f2b7c57503e3e73ee17082192b8543c4496f6598a&o=&hp=1", "https://cf.bstatic.com/xdata/images/hotel/max1024x768/209190612.jpg?k=4e75e9c1127414f2dc4b1c24b317adc95d79b26ec6261cd93392b0c7b7dfef21&o=&hp=1", "https://cf.bstatic.com/xdata/images/hotel/max1024x768/209190737.jpg?k=36b415900bf2e3ffb2c981e41721b43a541e55f0fcf7f6879850fcc88e3084e8&o=&hp=1", "https://cf.bstatic.com/xdata/images/hotel/max1024x768/189986166.jpg?k=793f22f5bd29eee0528ac5d7f034c0dad2e4df78c6c02ecd83e1c7bc388a9987&o=&hp=1", "https://cf.bstatic.com/xdata/images/hotel/max1024x768/3764157.jpg?k=fd447abffdf2b29a578aaa174c9fb49c3d057149328c840113f3da10b9650ff1&o=&hp=1", "https://cf.bstatic.com/xdata/images/hotel/max1024x768/3764479.jpg?k=7d3ec48fe6034dc20f4805a4ee7e5d796af6ec0333b6691daf31275082fec421&o=&hp=1", "https://cf.bstatic.com/xdata/images/hotel/max1024x768/189985946.jpg?k=d0fa6fc43dfc5197d4edde891fb60ec215ba4fe82737e59a76eb5cd4915faa74&o=&hp=1", "https://cf.bstatic.com/xdata/images/hotel/max1024x768/209185809.jpg?k=facacad88ead8f4f1ad850670d2c5fbd48e9107312cc6118eeeab08ea993b5f3&o=&hp=1", "https://cf.bstatic.com/xdata/images/hotel/max1024x768/209190639.jpg?k=b4befecdc233e114f694b569db88ef1028637440a0bcce24d7143d688174fd80&o=&hp=1", "https://cf.bstatic.com/xdata/images/hotel/max1024x768/189986090.jpg?k=53a12f24c1fc461c37e0280514cf75eb867845709d3d7817d00916cc9d7fc33d&o=&hp=1", "https://cf.bstatic.com/xdata/images/hotel/max1024x768/3764159.jpg?k=9d086e8b37f0224a1307738f2b7c57503e3e73ee17082192b8543c4496f6598a&o=&hp=1"]}