{"hotel_name": "Fairfield-Inn-&-Suites-by-Marriott-Selma-Kingsburg-(Hotel", "date_accessed": "2024-09-09", "gps": "36.52057845,-119.56552327", "address": "216 Ventura Court, Kingsburg, CA 93631, United States \u2013 Great location", "rating": "8.2", "url": "https://www.booking.com/hotel/us/fairfield-inn-and-suites-by-marriott-kingsburg.html?aid=304142&label=gen173nr-1FCAMo7AFCCWtpbmdzYnVyZ0gzWARonQKIAQGYATG4AQfIAQ_YAQHoAQH4AQKIAgGoAgO4Avfj-7YGwAIB0gIkNTgyYmUxZDktZDFlZi00ZTdmLTg2MWMtMGE2NjViMDAwMGFk2AIF4AIB&sid=88ce01bb40c701a27a3ddd5a92b19324&dest_id=20013830&dest_type=city&dist=0&group_adults=2&group_children=0&hapos=1&hpos=1&no_rooms=1&req_adults=2&req_children=0&room1=A%2CA&sb_price_type=total&sr_order=popularity&srepoch=1725890619&srpvid=6f0a62dca0140782&type=total&ucfs=1&activeTab=photosGallery#close-lightbox", "images": ["https://cf.bstatic.com/xdata/images/hotel/max1024x768/437365415.jpg?k=a24ba57fb78b07ee7cc778444fae2d4feca950732898b465b7456c0b4cdb3898&o=&hp=1", "https://cf.bstatic.com/xdata/images/hotel/max1024x768/437365425.jpg?k=89bd7395e7bfae20c1ff0a72384828085debcf4db60e8d4afb7c039e16d7c7d5&o=&hp=1", "https://cf.bstatic.com/xdata/images/hotel/max1024x768/437365436.jpg?k=cd6eeadd67fad9140a8c4cce7b9124c9618002427e9586bcc2e01a136519534e&o=&hp=1", "https://cf.bstatic.com/xdata/images/hotel/max1024x768/437365462.jpg?k=26cfcdebdd160e3d051aa0db0c2d9e2815a70bad966f6bf56e44efad8c21b505&o=&hp=1", "https://cf.bstatic.com/xdata/images/hotel/max1024x768/437365441.jpg?k=a55b6f04bd84bbf1e3afa5bd0744dd3faa990efa48dc2eee1204df678d2d6970&o=&hp=1", "https://cf.bstatic.com/xdata/images/hotel/max1024x768/437365454.jpg?k=d7d0bfb0364a336cb52aaf91050a96c92e0a474c43c23ed3f94d689ce90b0365&o=&hp=1", "https://cf.bstatic.com/xdata/images/hotel/max1024x768/437365392.jpg?k=6ccbd70f18192f21a63dbf2c92661595af9aaabb41c8043230ad935adb3acd30&o=&hp=1", "https://cf.bstatic.com/xdata/images/hotel/max1024x768/437365414.jpg?k=5be8cdc7720dc4b78942cc7280a72b180a7454efc779195600ed041be4595af8&o=&hp=1", "https://cf.bstatic.com/xdata/images/hotel/max1024x768/437365405.jpg?k=46698e32c7cab2f6e8df17930aa2c4732043e3b61ecc8e64b1e59532a57a1fc8&o=&hp=1", "https://cf.bstatic.com/xdata/images/hotel/max1024x768/437365416.jpg?k=b46e20258566a2955ccf66150b664c4a58eba3fe394c36128060e0c0da88c542&o=&hp=1", "https://cf.bstatic.com/xdata/images/hotel/max1024x768/437365465.jpg?k=9a098bc9efaad9e3497310fd2ae0259eff6f5ba8c087f4b15f98a3dfb1d60ff4&o=&hp=1", "https://cf.bstatic.com/xdata/images/hotel/max1024x768/437365418.jpg?k=300f810a996e658a2cfe66ef3a25c589dede53cae027d355d9f8c3e943716ace&o=&hp=1", "https://cf.bstatic.com/xdata/images/hotel/max1024x768/437365423.jpg?k=ea44a6f96d8595633980d9fb53c0342f66b6195347403ab2c5f985d7e04d17a0&o=&hp=1", "https://cf.bstatic.com/xdata/images/hotel/max1024x768/437365432.jpg?k=f6c047967f1e2ebaf5709c5471384e03ae796fac5ffc33073dc51a59a8f78ddc&o=&hp=1", "https://cf.bstatic.com/xdata/images/hotel/max1024x768/437365435.jpg?k=3ef466c8db5890dc92a9d5055b84a1f4e4890157c62d080990e1adcf8e88d83a&o=&hp=1", "https://cf.bstatic.com/xdata/images/hotel/max1024x768/437365437.jpg?k=fd5e4128b370bfe3cf82b7209196054b6f6ea457c89f7f8a1a7092797ba8b2a0&o=&hp=1", "https://cf.bstatic.com/xdata/images/hotel/max1024x768/437365455.jpg?k=8ebef405ecf49d1aa11b1d3e6575ac6b05d45a76734d92eba29af7e8b6dbec4a&o=&hp=1", "https://cf.bstatic.com/xdata/images/hotel/max1024x768/437365456.jpg?k=59a4cd783c7e969064150155aa58ea98ae46510a38823189ea8170294089da96&o=&hp=1", "https://cf.bstatic.com/xdata/images/hotel/max1024x768/437365433.jpg?k=45e975eb36e31d59df3a8d177d497c8cac87c12197cf3b0f741383fe845f8994&o=&hp=1", "https://cf.bstatic.com/xdata/images/hotel/max1024x768/437365449.jpg?k=91ec5c0b83e5b85b2e65301e4078ad8e2b43c87a40b1e8ebd8f6cc579931ef4c&o=&hp=1", "https://cf.bstatic.com/xdata/images/hotel/max1024x768/437365398.jpg?k=4eed2f4195744e3a9e2d168c2f626ec728bd6fa8a7aeb55bc54cbea783f85f3f&o=&hp=1", "https://cf.bstatic.com/xdata/images/hotel/max1024x768/437365417.jpg?k=0a261344f0a75f28e5f28e184dec46d3aa65e3f04fd9dd836ed003bde099c685&o=&hp=1", "https://cf.bstatic.com/xdata/images/hotel/max1024x768/437365466.jpg?k=bbf0409db85cf8f4c195df843505b7e368746f76e1e01c96b57768ad1c733647&o=&hp=1", "https://cf.bstatic.com/xdata/images/hotel/max1024x768/437365452.jpg?k=701ca3e0c5b663b1def0295b3348a1e27d441dcaf7c07f0e46bfdec05eb13860&o=&hp=1", "https://cf.bstatic.com/xdata/images/hotel/max1024x768/437365451.jpg?k=ee7adf3058e6a88dfc5d84416a846dae55c011567ad13c9942e15b65ad406a8a&o=&hp=1", "https://cf.bstatic.com/xdata/images/hotel/max1024x768/437365453.jpg?k=d3ad9972ef8d87e941842200e5a0ab1f8a04756cf9f70c148ef6be6f81fb0fef&o=&hp=1", "https://cf.bstatic.com/xdata/images/hotel/max1024x768/437365415.jpg?k=a24ba57fb78b07ee7cc778444fae2d4feca950732898b465b7456c0b4cdb3898&o=&hp=1", "https://cf.bstatic.com/xdata/images/hotel/max1024x768/437365415.jpg?k=a24ba57fb78b07ee7cc778444fae2d4feca950732898b465b7456c0b4cdb3898&o=&hp=1", "https://cf.bstatic.com/xdata/images/hotel/max1024x768/437365415.jpg?k=a24ba57fb78b07ee7cc778444fae2d4feca950732898b465b7456c0b4cdb3898&o=&hp=1", "https://cf.bstatic.com/xdata/images/hotel/max1024x768/437365425.jpg?k=89bd7395e7bfae20c1ff0a72384828085debcf4db60e8d4afb7c039e16d7c7d5&o=&hp=1", "https://cf.bstatic.com/xdata/images/hotel/max1024x768/437365436.jpg?k=cd6eeadd67fad9140a8c4cce7b9124c9618002427e9586bcc2e01a136519534e&o=&hp=1", "https://cf.bstatic.com/xdata/images/hotel/max1024x768/437365462.jpg?k=26cfcdebdd160e3d051aa0db0c2d9e2815a70bad966f6bf56e44efad8c21b505&o=&hp=1", "https://cf.bstatic.com/xdata/images/hotel/max1024x768/437365441.jpg?k=a55b6f04bd84bbf1e3afa5bd0744dd3faa990efa48dc2eee1204df678d2d6970&o=&hp=1", "https://cf.bstatic.com/xdata/images/hotel/max1024x768/437365454.jpg?k=d7d0bfb0364a336cb52aaf91050a96c92e0a474c43c23ed3f94d689ce90b0365&o=&hp=1", "https://cf.bstatic.com/xdata/images/hotel/max1024x768/437365392.jpg?k=6ccbd70f18192f21a63dbf2c92661595af9aaabb41c8043230ad935adb3acd30&o=&hp=1", "https://cf.bstatic.com/xdata/images/hotel/max1024x768/437365414.jpg?k=5be8cdc7720dc4b78942cc7280a72b180a7454efc779195600ed041be4595af8&o=&hp=1", "https://cf.bstatic.com/xdata/images/hotel/max1024x768/437365405.jpg?k=46698e32c7cab2f6e8df17930aa2c4732043e3b61ecc8e64b1e59532a57a1fc8&o=&hp=1", "https://cf.bstatic.com/xdata/images/hotel/max1024x768/437365416.jpg?k=b46e20258566a2955ccf66150b664c4a58eba3fe394c36128060e0c0da88c542&o=&hp=1", "https://cf.bstatic.com/xdata/images/hotel/max1024x768/437365465.jpg?k=9a098bc9efaad9e3497310fd2ae0259eff6f5ba8c087f4b15f98a3dfb1d60ff4&o=&hp=1", "https://cf.bstatic.com/xdata/images/hotel/max1024x768/437365418.jpg?k=300f810a996e658a2cfe66ef3a25c589dede53cae027d355d9f8c3e943716ace&o=&hp=1", "https://cf.bstatic.com/xdata/images/hotel/max1024x768/437365423.jpg?k=ea44a6f96d8595633980d9fb53c0342f66b6195347403ab2c5f985d7e04d17a0&o=&hp=1", "https://cf.bstatic.com/xdata/images/hotel/max1024x768/437365432.jpg?k=f6c047967f1e2ebaf5709c5471384e03ae796fac5ffc33073dc51a59a8f78ddc&o=&hp=1", "https://cf.bstatic.com/xdata/images/hotel/max1024x768/437365435.jpg?k=3ef466c8db5890dc92a9d5055b84a1f4e4890157c62d080990e1adcf8e88d83a&o=&hp=1", "https://cf.bstatic.com/xdata/images/hotel/max1024x768/437365437.jpg?k=fd5e4128b370bfe3cf82b7209196054b6f6ea457c89f7f8a1a7092797ba8b2a0&o=&hp=1", "https://cf.bstatic.com/xdata/images/hotel/max1024x768/437365455.jpg?k=8ebef405ecf49d1aa11b1d3e6575ac6b05d45a76734d92eba29af7e8b6dbec4a&o=&hp=1", "https://cf.bstatic.com/xdata/images/hotel/max1024x768/437365456.jpg?k=59a4cd783c7e969064150155aa58ea98ae46510a38823189ea8170294089da96&o=&hp=1", "https://cf.bstatic.com/xdata/images/hotel/max1024x768/437365433.jpg?k=45e975eb36e31d59df3a8d177d497c8cac87c12197cf3b0f741383fe845f8994&o=&hp=1", "https://cf.bstatic.com/xdata/images/hotel/max1024x768/437365449.jpg?k=91ec5c0b83e5b85b2e65301e4078ad8e2b43c87a40b1e8ebd8f6cc579931ef4c&o=&hp=1", "https://cf.bstatic.com/xdata/images/hotel/max1024x768/437365398.jpg?k=4eed2f4195744e3a9e2d168c2f626ec728bd6fa8a7aeb55bc54cbea783f85f3f&o=&hp=1", "https://cf.bstatic.com/xdata/images/hotel/max1024x768/437365417.jpg?k=0a261344f0a75f28e5f28e184dec46d3aa65e3f04fd9dd836ed003bde099c685&o=&hp=1", "https://cf.bstatic.com/xdata/images/hotel/max1024x768/437365466.jpg?k=bbf0409db85cf8f4c195df843505b7e368746f76e1e01c96b57768ad1c733647&o=&hp=1", "https://cf.bstatic.com/xdata/images/hotel/max1024x768/437365452.jpg?k=701ca3e0c5b663b1def0295b3348a1e27d441dcaf7c07f0e46bfdec05eb13860&o=&hp=1", "https://cf.bstatic.com/xdata/images/hotel/max1024x768/437365451.jpg?k=ee7adf3058e6a88dfc5d84416a846dae55c011567ad13c9942e15b65ad406a8a&o=&hp=1", "https://cf.bstatic.com/xdata/images/hotel/max1024x768/437365453.jpg?k=d3ad9972ef8d87e941842200e5a0ab1f8a04756cf9f70c148ef6be6f81fb0fef&o=&hp=1", "https://cf.bstatic.com/xdata/images/hotel/max1024x768/437365415.jpg?k=a24ba57fb78b07ee7cc778444fae2d4feca950732898b465b7456c0b4cdb3898&o=&hp=1"]}