{"hotel_name": "Homewood-Suites-by-Hilton-Fairfield-Napa-Valley-Area-(Hotel),-Cordelia-Junction", "date_accessed": "2024-09-08", "gps": "38.22056048,-122.13730574", "address": "4755 Business Center Drive, Cordelia Junction, CA 94534, United States of America \u2013 Great location", "rating": "8.4", "url": "https://www.booking.com/hotel/us/homewood-suites.html?aid=304142&label=gen173nr-1FCAMo7AFCD2FtZXJpY2FuLWNhbnlvbkgzWARonQKIAQGYATG4AQfIAQ_YAQHoAQH4AQKIAgGoAgO4Auym-bYGwAIB0gIkOWMzNmUwYWMtNjZlNS00MzAyLWEwNjAtZTk1YTJkMzFmNGFj2AIF4AIB&sid=b81c6f794c68816d290275efce5d92d3&dest_id=20011319&dest_type=city&dist=0&group_adults=2&group_children=0&hapos=34&hpos=9&no_rooms=1&req_adults=2&req_children=0&room1=A%2CA&sb_price_type=total&sr_order=popularity&srepoch=1725847961&srpvid=b3900f883a72035a&type=total&ucfs=1&activeTab=photosGallery#close-lightbox", "images": ["https://cf.bstatic.com/xdata/images/hotel/max1024x768/434301804.jpg?k=c001bc11560b1bbe2e38b8a42290ffb6a53d1ce128323f1198c58d1ee2d6054b&o=&hp=1", "https://cf.bstatic.com/xdata/images/hotel/max1024x768/491351682.jpg?k=64aa75e5616e5faff59613e56d6cd5206f995833b2029bcca38b247de36bcb23&o=&hp=1", "https://cf.bstatic.com/xdata/images/hotel/max1024x768/494690012.jpg?k=6c02fd98fb2cf7d4b0edc60438ed4397e94eb73f74acd8362aec1b3bae7f7150&o=&hp=1", "https://cf.bstatic.com/xdata/images/hotel/max1024x768/491351651.jpg?k=2dad3d8df73b426f476cc0de89dc5f3d3eb39573a5f18a1f093a850ce123e0d2&o=&hp=1", "https://cf.bstatic.com/xdata/images/hotel/max1024x768/491351655.jpg?k=ff8a50c6d7738193d3c219fcce16be46acbd4e2b9b1aa7534aa287443288a99a&o=&hp=1", "https://cf.bstatic.com/xdata/images/hotel/max1024x768/491351700.jpg?k=4ece4fa73a5590db4223f11c973a029d00ed216d04fb8fb9f77c73914bd2e4a5&o=&hp=1", "https://cf.bstatic.com/xdata/images/hotel/max1024x768/491351641.jpg?k=da514dbef256df81c0a1b5b381252dc2a40e8df0ec669d0ca2c664c3597bb06a&o=&hp=1", "https://cf.bstatic.com/xdata/images/hotel/max1024x768/491351690.jpg?k=767f2a78156ebe18df0184d38fd86533980bd1146541b6062bab94f4f2940fac&o=&hp=1", "https://cf.bstatic.com/xdata/images/hotel/max1024x768/491351643.jpg?k=2558f88e9ecd3c170e8a750523ecb92fca519e2a19f516dfb7ca8c5375b55965&o=&hp=1", "https://cf.bstatic.com/xdata/images/hotel/max1024x768/491351649.jpg?k=e5333f153a1d03bfb98ae11d8b842fafe26843966e3230c13e8a29751a85d1fa&o=&hp=1", "https://cf.bstatic.com/xdata/images/hotel/max1024x768/491351659.jpg?k=f2cfa2af28f20ca7801989759b64bb84b5e96d8b383e6d85e29383785bf441a3&o=&hp=1", "https://cf.bstatic.com/xdata/images/hotel/max1024x768/491351663.jpg?k=a92a702b01747d15dd656b1489c793dd67bf7bd785e8310d9f7b1b45523440a7&o=&hp=1", "https://cf.bstatic.com/xdata/images/hotel/max1024x768/491351662.jpg?k=d6ff37a986b4370f7d36124860483575aeb9d97b9cd02931509cceb829474530&o=&hp=1", "https://cf.bstatic.com/xdata/images/hotel/max1024x768/491351671.jpg?k=08f527a96234da0e176e301e292fb94f3baf0b658adc4816d99a28f760abae4e&o=&hp=1", "https://cf.bstatic.com/xdata/images/hotel/max1024x768/491351677.jpg?k=e5f505e84a25b1f287bcc871edf0601c96873449ac914e9a59d7acc2ac4f8001&o=&hp=1", "https://cf.bstatic.com/xdata/images/hotel/max1024x768/491351683.jpg?k=bba3dc3fc87c80425bb4eeea8618663c05b1edcc281151206563e76613ab93d3&o=&hp=1", "https://cf.bstatic.com/xdata/images/hotel/max1024x768/491351686.jpg?k=dd53e9dfc3d9d9eec1aa5a98aef9a8d659a1db16881186cfe37e8e7b7bd69a76&o=&hp=1", "https://cf.bstatic.com/xdata/images/hotel/max1024x768/491351685.jpg?k=5a0cff9391e27b2868e7d74b72bf103d0ae909ab9a040db7164e80cdb3bc49db&o=&hp=1", "https://cf.bstatic.com/xdata/images/hotel/max1024x768/491351688.jpg?k=a640bc459171e4c0c252e9790090648bd0b1f5e02c9b6e04d0c68bf673788034&o=&hp=1", "https://cf.bstatic.com/xdata/images/hotel/max1024x768/491351694.jpg?k=78c80d74d037137bc3f8e38bd27f7cc04ee30e61ee2da790115474526f73fa85&o=&hp=1", "https://cf.bstatic.com/xdata/images/hotel/max1024x768/491351695.jpg?k=582a957722ec5d1e50f4723019a19afd149e087e1793200898d949289184cbe4&o=&hp=1", "https://cf.bstatic.com/xdata/images/hotel/max1024x768/491351696.jpg?k=e9d51c8cbb85bef54ce8c4538233fcabfe8ae4b45a239ba1354edc1fce866284&o=&hp=1", "https://cf.bstatic.com/xdata/images/hotel/max1024x768/491351702.jpg?k=fbcd657c2fd06d75094e44548e20265f4ede6d03f020e88782f07c0bedf4548a&o=&hp=1", "https://cf.bstatic.com/xdata/images/hotel/max1024x768/491351703.jpg?k=4006e3ce2ef6b2be8094dbed59c5cf0bd83ec4ed2e26e35f4a1bc80f6793adc1&o=&hp=1", "https://cf.bstatic.com/xdata/images/hotel/max1024x768/491971071.jpg?k=bbd75b88e965c016f589b3704f17c8fb1e2740414ad466462c84cb7ee5a6b952&o=&hp=1", "https://cf.bstatic.com/xdata/images/hotel/max1024x768/491971162.jpg?k=1efa5559b7abdd3122a52d21d31caa2e9dadb89a666a3839b7a371fa1ec97043&o=&hp=1", "https://cf.bstatic.com/xdata/images/hotel/max1024x768/491971505.jpg?k=d99efcf69bea6e3221f5c74356b1eaaadbf4bcaf726ef25cef37118d145f0106&o=&hp=1", "https://cf.bstatic.com/xdata/images/hotel/max1024x768/494690008.jpg?k=4735a8d1d7898f7d8b524b85bf4fc42f6215af05e646f13da18612ffd71f3594&o=&hp=1", "https://cf.bstatic.com/xdata/images/hotel/max1024x768/494690005.jpg?k=f8a8c21a8502406506ef0a4a739986a2ff0da033c716487dad084ba942f4de88&o=&hp=1", "https://cf.bstatic.com/xdata/images/hotel/max1024x768/494690001.jpg?k=08af8e4914e9ea5ada5f19ce5a4f9750a58971bfb0ca3a6cbabacdbb3002c090&o=&hp=1", "https://cf.bstatic.com/xdata/images/hotel/max1024x768/494690002.jpg?k=ca961d08d24d3f4afda4362cf6845b538fc4bccbf62cf254aaf365acc6340ce7&o=&hp=1", "https://cf.bstatic.com/xdata/images/hotel/max1024x768/494690018.jpg?k=aa6cde5efae0ecfceae1bc3b6a7da7b5577e4ae7a0db4ba44281dc9905233c29&o=&hp=1", "https://cf.bstatic.com/xdata/images/hotel/max1024x768/434301804.jpg?k=c001bc11560b1bbe2e38b8a42290ffb6a53d1ce128323f1198c58d1ee2d6054b&o=&hp=1", "https://cf.bstatic.com/xdata/images/hotel/max1024x768/434301804.jpg?k=c001bc11560b1bbe2e38b8a42290ffb6a53d1ce128323f1198c58d1ee2d6054b&o=&hp=1", "https://cf.bstatic.com/xdata/images/hotel/max1024x768/434301804.jpg?k=c001bc11560b1bbe2e38b8a42290ffb6a53d1ce128323f1198c58d1ee2d6054b&o=&hp=1", "https://cf.bstatic.com/xdata/images/hotel/max1024x768/491351682.jpg?k=64aa75e5616e5faff59613e56d6cd5206f995833b2029bcca38b247de36bcb23&o=&hp=1", "https://cf.bstatic.com/xdata/images/hotel/max1024x768/494690012.jpg?k=6c02fd98fb2cf7d4b0edc60438ed4397e94eb73f74acd8362aec1b3bae7f7150&o=&hp=1", "https://cf.bstatic.com/xdata/images/hotel/max1024x768/491351651.jpg?k=2dad3d8df73b426f476cc0de89dc5f3d3eb39573a5f18a1f093a850ce123e0d2&o=&hp=1", "https://cf.bstatic.com/xdata/images/hotel/max1024x768/491351655.jpg?k=ff8a50c6d7738193d3c219fcce16be46acbd4e2b9b1aa7534aa287443288a99a&o=&hp=1", "https://cf.bstatic.com/xdata/images/hotel/max1024x768/491351700.jpg?k=4ece4fa73a5590db4223f11c973a029d00ed216d04fb8fb9f77c73914bd2e4a5&o=&hp=1", "https://cf.bstatic.com/xdata/images/hotel/max1024x768/491351641.jpg?k=da514dbef256df81c0a1b5b381252dc2a40e8df0ec669d0ca2c664c3597bb06a&o=&hp=1", "https://cf.bstatic.com/xdata/images/hotel/max1024x768/491351690.jpg?k=767f2a78156ebe18df0184d38fd86533980bd1146541b6062bab94f4f2940fac&o=&hp=1", "https://cf.bstatic.com/xdata/images/hotel/max1024x768/491351643.jpg?k=2558f88e9ecd3c170e8a750523ecb92fca519e2a19f516dfb7ca8c5375b55965&o=&hp=1", "https://cf.bstatic.com/xdata/images/hotel/max1024x768/491351649.jpg?k=e5333f153a1d03bfb98ae11d8b842fafe26843966e3230c13e8a29751a85d1fa&o=&hp=1", "https://cf.bstatic.com/xdata/images/hotel/max1024x768/491351659.jpg?k=f2cfa2af28f20ca7801989759b64bb84b5e96d8b383e6d85e29383785bf441a3&o=&hp=1", "https://cf.bstatic.com/xdata/images/hotel/max1024x768/491351663.jpg?k=a92a702b01747d15dd656b1489c793dd67bf7bd785e8310d9f7b1b45523440a7&o=&hp=1", "https://cf.bstatic.com/xdata/images/hotel/max1024x768/491351662.jpg?k=d6ff37a986b4370f7d36124860483575aeb9d97b9cd02931509cceb829474530&o=&hp=1", "https://cf.bstatic.com/xdata/images/hotel/max1024x768/491351671.jpg?k=08f527a96234da0e176e301e292fb94f3baf0b658adc4816d99a28f760abae4e&o=&hp=1", "https://cf.bstatic.com/xdata/images/hotel/max1024x768/491351677.jpg?k=e5f505e84a25b1f287bcc871edf0601c96873449ac914e9a59d7acc2ac4f8001&o=&hp=1", "https://cf.bstatic.com/xdata/images/hotel/max1024x768/491351683.jpg?k=bba3dc3fc87c80425bb4eeea8618663c05b1edcc281151206563e76613ab93d3&o=&hp=1", "https://cf.bstatic.com/xdata/images/hotel/max1024x768/491351686.jpg?k=dd53e9dfc3d9d9eec1aa5a98aef9a8d659a1db16881186cfe37e8e7b7bd69a76&o=&hp=1", "https://cf.bstatic.com/xdata/images/hotel/max1024x768/491351685.jpg?k=5a0cff9391e27b2868e7d74b72bf103d0ae909ab9a040db7164e80cdb3bc49db&o=&hp=1", "https://cf.bstatic.com/xdata/images/hotel/max1024x768/491351688.jpg?k=a640bc459171e4c0c252e9790090648bd0b1f5e02c9b6e04d0c68bf673788034&o=&hp=1", "https://cf.bstatic.com/xdata/images/hotel/max1024x768/491351694.jpg?k=78c80d74d037137bc3f8e38bd27f7cc04ee30e61ee2da790115474526f73fa85&o=&hp=1", "https://cf.bstatic.com/xdata/images/hotel/max1024x768/491351695.jpg?k=582a957722ec5d1e50f4723019a19afd149e087e1793200898d949289184cbe4&o=&hp=1", "https://cf.bstatic.com/xdata/images/hotel/max1024x768/491351696.jpg?k=e9d51c8cbb85bef54ce8c4538233fcabfe8ae4b45a239ba1354edc1fce866284&o=&hp=1", "https://cf.bstatic.com/xdata/images/hotel/max1024x768/491351702.jpg?k=fbcd657c2fd06d75094e44548e20265f4ede6d03f020e88782f07c0bedf4548a&o=&hp=1", "https://cf.bstatic.com/xdata/images/hotel/max1024x768/491351703.jpg?k=4006e3ce2ef6b2be8094dbed59c5cf0bd83ec4ed2e26e35f4a1bc80f6793adc1&o=&hp=1", "https://cf.bstatic.com/xdata/images/hotel/max1024x768/491971071.jpg?k=bbd75b88e965c016f589b3704f17c8fb1e2740414ad466462c84cb7ee5a6b952&o=&hp=1", "https://cf.bstatic.com/xdata/images/hotel/max1024x768/491971162.jpg?k=1efa5559b7abdd3122a52d21d31caa2e9dadb89a666a3839b7a371fa1ec97043&o=&hp=1", "https://cf.bstatic.com/xdata/images/hotel/max1024x768/491971505.jpg?k=d99efcf69bea6e3221f5c74356b1eaaadbf4bcaf726ef25cef37118d145f0106&o=&hp=1", "https://cf.bstatic.com/xdata/images/hotel/max1024x768/494690008.jpg?k=4735a8d1d7898f7d8b524b85bf4fc42f6215af05e646f13da18612ffd71f3594&o=&hp=1", "https://cf.bstatic.com/xdata/images/hotel/max1024x768/494690005.jpg?k=f8a8c21a8502406506ef0a4a739986a2ff0da033c716487dad084ba942f4de88&o=&hp=1", "https://cf.bstatic.com/xdata/images/hotel/max1024x768/494690001.jpg?k=08af8e4914e9ea5ada5f19ce5a4f9750a58971bfb0ca3a6cbabacdbb3002c090&o=&hp=1", "https://cf.bstatic.com/xdata/images/hotel/max1024x768/494690002.jpg?k=ca961d08d24d3f4afda4362cf6845b538fc4bccbf62cf254aaf365acc6340ce7&o=&hp=1", "https://cf.bstatic.com/xdata/images/hotel/max1024x768/494690018.jpg?k=aa6cde5efae0ecfceae1bc3b6a7da7b5577e4ae7a0db4ba44281dc9905233c29&o=&hp=1", "https://cf.bstatic.com/xdata/images/hotel/max1024x768/434301804.jpg?k=c001bc11560b1bbe2e38b8a42290ffb6a53d1ce128323f1198c58d1ee2d6054b&o=&hp=1"]}