{"hotel_name": "Quality-Inn-&-Suites-Santa-Cruz-Mountains-(Hotel),-Ben-Lomon", "date_accessed": "2024-09-12", "gps": "37.08992101,-122.09422410", "address": "9733 Highway 9, Ben Lomond, CA 95005, United States \u2013 Great location", "rating": "7.4", "url": "https://www.booking.com/hotel/us/quality-inn-suites-santa-cruz-mountains-ben-lomond.html?aid=304142&label=gen173nr-1FCAMo7AFCCmJvbm55LWRvb25IM1gEaJ0CiAEBmAExuAEHyAEP2AEB6AEB-AECiAIBqAIDuAKm34u3BsACAdICJDRjZGRkOTU4LWQwMTEtNDAxMi04YWJjLWFiNmI3Njg1OWJiMNgCBeACAQ&sid=2eebd01467693d5835177903f4a9d2ec&dest_id=20011730&dest_type=city&dist=0&group_adults=2&group_children=0&hapos=5&hpos=5&no_rooms=1&req_adults=2&req_children=0&room1=A%2CA&sb_price_type=total&sr_order=popularity&srepoch=1726151871&srpvid=ffac66c8877506f9&type=total&ucfs=1&activeTab=photosGallery#close-lightbox", "images": ["https://cf.bstatic.com/xdata/images/hotel/max1024x768/334706740.jpg?k=a77a05554d406a4fd72acda55b90ad8846e356a8e0fdc3be5c6a28c9176d7f0a&o=&hp=1", "https://cf.bstatic.com/xdata/images/hotel/max1024x768/334706739.jpg?k=964c773b9be689f5772571aa720a5f662c82c9fd437963211e1fe54bed4dd059&o=&hp=1", "https://cf.bstatic.com/xdata/images/hotel/max1024x768/334706742.jpg?k=08743941568bcc0afc7e2a3de99b529b080fc9c273d87a7682e96889e8859c19&o=&hp=1", "https://cf.bstatic.com/xdata/images/hotel/max1024x768/334706745.jpg?k=df9dede6c3f4414bb409eb8600d2fc5a957b194e72aadeac02304f33b2dbf5bb&o=&hp=1", "https://cf.bstatic.com/xdata/images/hotel/max1024x768/170434194.jpg?k=d2710ed582453528b76f76fc33b19d983b2801d181facf985617341ccb945d7c&o=&hp=1", "https://cf.bstatic.com/xdata/images/hotel/max1024x768/334706735.jpg?k=aea3a62444eb251afe71f8e361fc1de0c4ad173dd4fc0144fd05c2bb6d70bb0d&o=&hp=1", "https://cf.bstatic.com/xdata/images/hotel/max1024x768/334706732.jpg?k=0990774223cbcce4513f47744f75dc8daeb114a2bdf3b828071b28f00b4f6171&o=&hp=1", "https://cf.bstatic.com/xdata/images/hotel/max1024x768/334706734.jpg?k=b9c7340c176a08812c2c7917409d5b47a461a46831c2f114cb373d3af2ea82ac&o=&hp=1", "https://cf.bstatic.com/xdata/images/hotel/max1024x768/334706736.jpg?k=a9d507fa8d859e7d3da3093d2f100e205d6c5f29780bbc4b5212ab3b457d60e2&o=&hp=1", "https://cf.bstatic.com/xdata/images/hotel/max1024x768/334706737.jpg?k=7b3c136a2844816f8cfde6b5b7625943da6595a4fba7b87ce2194e931359ad30&o=&hp=1", "https://cf.bstatic.com/xdata/images/hotel/max1024x768/334706740.jpg?k=a77a05554d406a4fd72acda55b90ad8846e356a8e0fdc3be5c6a28c9176d7f0a&o=&hp=1", "https://cf.bstatic.com/xdata/images/hotel/max1024x768/334706739.jpg?k=964c773b9be689f5772571aa720a5f662c82c9fd437963211e1fe54bed4dd059&o=&hp=1", "https://cf.bstatic.com/xdata/images/hotel/max1024x768/334706742.jpg?k=08743941568bcc0afc7e2a3de99b529b080fc9c273d87a7682e96889e8859c19&o=&hp=1", "https://cf.bstatic.com/xdata/images/hotel/max1024x768/334706745.jpg?k=df9dede6c3f4414bb409eb8600d2fc5a957b194e72aadeac02304f33b2dbf5bb&o=&hp=1", "https://cf.bstatic.com/xdata/images/hotel/max1024x768/170434194.jpg?k=d2710ed582453528b76f76fc33b19d983b2801d181facf985617341ccb945d7c&o=&hp=1", "https://cf.bstatic.com/xdata/images/hotel/max1024x768/334706735.jpg?k=aea3a62444eb251afe71f8e361fc1de0c4ad173dd4fc0144fd05c2bb6d70bb0d&o=&hp=1", "https://cf.bstatic.com/xdata/images/hotel/max1024x768/334706732.jpg?k=0990774223cbcce4513f47744f75dc8daeb114a2bdf3b828071b28f00b4f6171&o=&hp=1", "https://cf.bstatic.com/xdata/images/hotel/max1024x768/334706734.jpg?k=b9c7340c176a08812c2c7917409d5b47a461a46831c2f114cb373d3af2ea82ac&o=&hp=1", "https://cf.bstatic.com/xdata/images/hotel/max1024x768/334706736.jpg?k=a9d507fa8d859e7d3da3093d2f100e205d6c5f29780bbc4b5212ab3b457d60e2&o=&hp=1", "https://cf.bstatic.com/xdata/images/hotel/max1024x768/334706737.jpg?k=7b3c136a2844816f8cfde6b5b7625943da6595a4fba7b87ce2194e931359ad30&o=&hp=1"]}