{"hotel_name": "Courtyard-Birmingham-Hoover-(Hotel)", "date_accessed": "2024-08-29", "gps": "33.37396305,-86.80280752", "address": "1824 Montgomery Highway South, Hoover, AL 35244, United States of America \u2013 Great location", "rating": "7.2", "url": "https://www.booking.com/hotel/us/courtyard-birmingham-hoover.html?aid=304142&label=gen173nr-1FCAMo7AFCCWFsYWJhc3RlckgzWARonQKIAQGYATG4AQfIAQ_YAQHoAQH4AQKIAgGoAgO4AqOtsrYGwAIB0gIkMjdmOGMwMjMtNzk1Zi00MmRlLTgwYzgtYWE5ZWI1MThiNjE42AIF4AIB&sid=f87ca2eecf31b3917e69fd947d25c5b1&dest_id=20000038&dest_type=city&dist=0&group_adults=2&group_children=0&hapos=19&hpos=19&no_rooms=1&req_adults=2&req_children=0&room1=A%2CA&sb_price_type=total&sr_order=popularity&srepoch=1724960314&srpvid=49c18a1209470022&type=total&ucfs=1&activeTab=photosGallery#close-lightbox", "images": ["https://cf.bstatic.com/xdata/images/hotel/max1024x768/473826577.jpg?k=de11e122f4f2d5c0ab162be7f11c0f5b03781713294040c834f8f90bbf15a5f5&o=&hp=1", "https://cf.bstatic.com/xdata/images/hotel/max1024x768/538296231.jpg?k=ca3be30334e60dd6b2c2b0f29fe19d7cdd9bca4af89e396d6b5d1d890b6038c5&o=&hp=1", "https://cf.bstatic.com/xdata/images/hotel/max1024x768/451093785.jpg?k=57c6e05e37c6dffb91fcb7a07188ad0d0dc7ae129f67fcc962faa361db2db3cc&o=&hp=1", "https://cf.bstatic.com/xdata/images/hotel/max1024x768/473826587.jpg?k=a3e583fdc04b900396efdfb3c4fbd5da856b4ba0d9e31b7f5e8ae1af56f46efb&o=&hp=1", "https://cf.bstatic.com/xdata/images/hotel/max1024x768/484731784.jpg?k=e9b02e65fa4e7152116abcd2367490910bd5f14544a5634f84cfede49634c1c7&o=&hp=1", "https://cf.bstatic.com/xdata/images/hotel/max1024x768/451093483.jpg?k=387dea27db71327c46ab993a1caf68b093262522cb2a2c479d4071057f48e2f1&o=&hp=1", "https://cf.bstatic.com/xdata/images/hotel/max1024x768/484731767.jpg?k=154144ec878f0c716e91ce5ce74cbe905f0fc9a6329b1debbf6e2930fbf9d9db&o=&hp=1", "https://cf.bstatic.com/xdata/images/hotel/max1024x768/484731791.jpg?k=ef6e4a8777d76e326d74775f0148f8df2582666181756831b4102c7400b41180&o=&hp=1", "https://cf.bstatic.com/xdata/images/hotel/max1024x768/538296233.jpg?k=b210677b9d878367dbd4d2a39329b65fd97a6461a5b710dbd97227b6a66f76cd&o=&hp=1", "https://cf.bstatic.com/xdata/images/hotel/max1024x768/484731795.jpg?k=43f44e421b58552025fb528960e12b8469a258d20505ef9fc6447ef8ed432c81&o=&hp=1", "https://cf.bstatic.com/xdata/images/hotel/max1024x768/484731796.jpg?k=87a2c76f4093888632269e7598591d962dfb5e84afdca766259357f8dc4ed873&o=&hp=1", "https://cf.bstatic.com/xdata/images/hotel/max1024x768/451093704.jpg?k=7e48b369e5b7c0d1910b578e284d6b14545e35cefca192e3ffac06e13a0e8562&o=&hp=1", "https://cf.bstatic.com/xdata/images/hotel/max1024x768/451093756.jpg?k=a3ca98b1a286cb05f6ca604ce64275951d7d5faada92457708ffee647412dac8&o=&hp=1", "https://cf.bstatic.com/xdata/images/hotel/max1024x768/484731794.jpg?k=a6ace50f3efa0efde57f85fe5a2c28cb95da44142fadf65a3eb87f398453894d&o=&hp=1", "https://cf.bstatic.com/xdata/images/hotel/max1024x768/484731775.jpg?k=5e7f1e2d2ccfc1ee10df5dda9247847d3bd753584c7a980f287bb0a8d535892a&o=&hp=1", "https://cf.bstatic.com/xdata/images/hotel/max1024x768/451093542.jpg?k=7551e0935ef3ccdb9c8af946556092a9ea8a4e407a2d52d130dff09b60d32f36&o=&hp=1", "https://cf.bstatic.com/xdata/images/hotel/max1024x768/484731776.jpg?k=b5b254716b56b079fdaea496e3b21e2d20604190d45a22f0efa258f2af9216d1&o=&hp=1", "https://cf.bstatic.com/xdata/images/hotel/max1024x768/500307957.jpg?k=b62f47fb57d44a47c4350a983f202495585b9b4db310e670ca19feae871f2aab&o=&hp=1", "https://cf.bstatic.com/xdata/images/hotel/max1024x768/484731782.jpg?k=7b13c77b31e281cf36e7ad497c16233e83313647adcbee0a98d4968489526793&o=&hp=1", "https://cf.bstatic.com/xdata/images/hotel/max1024x768/451093587.jpg?k=3100b6a5c8e62f0bfd7ef0e260f8ef6a7ef7cf7fb585c818101695aeb9cae90f&o=&hp=1", "https://cf.bstatic.com/xdata/images/hotel/max1024x768/451093602.jpg?k=ac8ef6881c8eaf5f3136a043325a2016c15f1924f90265bcdc9d2fd3159fb256&o=&hp=1", "https://cf.bstatic.com/xdata/images/hotel/max1024x768/451093634.jpg?k=40ba3b0f9dfff032cc5b5cef6843178946043430f9a288dddd79f27bdc463843&o=&hp=1", "https://cf.bstatic.com/xdata/images/hotel/max1024x768/484731788.jpg?k=fb9011edc5965266cc92a7587a22652bfa110206b6a2d47c20006cd41a29dadd&o=&hp=1", "https://cf.bstatic.com/xdata/images/hotel/max1024x768/484731793.jpg?k=c997b25739cb9f4cf2d763ac602bb9fcef650d73fea390d69044faffafa82241&o=&hp=1", "https://cf.bstatic.com/xdata/images/hotel/max1024x768/451093670.jpg?k=fccae01c49f9a1ad613e9244cd3c2b5cbbaf5ca1592959c280d382380893d3bf&o=&hp=1", "https://cf.bstatic.com/xdata/images/hotel/max1024x768/484731790.jpg?k=741792b95aeba4e5bb9a0a5c8f9b34e3c109fe6c9e918ce0aa8cb04ecf31e0c1&o=&hp=1", "https://cf.bstatic.com/xdata/images/hotel/max1024x768/451093616.jpg?k=c0e47f5e676fb1ba406ae1de666be653d53be4dfe75a4759a413e9377b58bcaa&o=&hp=1", "https://cf.bstatic.com/xdata/images/hotel/max1024x768/484731786.jpg?k=19a021fee7f2ab8820f6f05a96bd067ae5fa0bac2a4018e69ceccaffd96b96d8&o=&hp=1", "https://cf.bstatic.com/xdata/images/hotel/max1024x768/473826577.jpg?k=de11e122f4f2d5c0ab162be7f11c0f5b03781713294040c834f8f90bbf15a5f5&o=&hp=1", "https://cf.bstatic.com/xdata/images/hotel/max1024x768/538296231.jpg?k=ca3be30334e60dd6b2c2b0f29fe19d7cdd9bca4af89e396d6b5d1d890b6038c5&o=&hp=1", "https://cf.bstatic.com/xdata/images/hotel/max1024x768/451093785.jpg?k=57c6e05e37c6dffb91fcb7a07188ad0d0dc7ae129f67fcc962faa361db2db3cc&o=&hp=1", "https://cf.bstatic.com/xdata/images/hotel/max1024x768/473826587.jpg?k=a3e583fdc04b900396efdfb3c4fbd5da856b4ba0d9e31b7f5e8ae1af56f46efb&o=&hp=1", "https://cf.bstatic.com/xdata/images/hotel/max1024x768/484731784.jpg?k=e9b02e65fa4e7152116abcd2367490910bd5f14544a5634f84cfede49634c1c7&o=&hp=1", "https://cf.bstatic.com/xdata/images/hotel/max1024x768/451093483.jpg?k=387dea27db71327c46ab993a1caf68b093262522cb2a2c479d4071057f48e2f1&o=&hp=1", "https://cf.bstatic.com/xdata/images/hotel/max1024x768/484731767.jpg?k=154144ec878f0c716e91ce5ce74cbe905f0fc9a6329b1debbf6e2930fbf9d9db&o=&hp=1", "https://cf.bstatic.com/xdata/images/hotel/max1024x768/484731791.jpg?k=ef6e4a8777d76e326d74775f0148f8df2582666181756831b4102c7400b41180&o=&hp=1", "https://cf.bstatic.com/xdata/images/hotel/max1024x768/538296233.jpg?k=b210677b9d878367dbd4d2a39329b65fd97a6461a5b710dbd97227b6a66f76cd&o=&hp=1", "https://cf.bstatic.com/xdata/images/hotel/max1024x768/484731795.jpg?k=43f44e421b58552025fb528960e12b8469a258d20505ef9fc6447ef8ed432c81&o=&hp=1", "https://cf.bstatic.com/xdata/images/hotel/max1024x768/484731796.jpg?k=87a2c76f4093888632269e7598591d962dfb5e84afdca766259357f8dc4ed873&o=&hp=1", "https://cf.bstatic.com/xdata/images/hotel/max1024x768/451093704.jpg?k=7e48b369e5b7c0d1910b578e284d6b14545e35cefca192e3ffac06e13a0e8562&o=&hp=1", "https://cf.bstatic.com/xdata/images/hotel/max1024x768/451093756.jpg?k=a3ca98b1a286cb05f6ca604ce64275951d7d5faada92457708ffee647412dac8&o=&hp=1", "https://cf.bstatic.com/xdata/images/hotel/max1024x768/484731794.jpg?k=a6ace50f3efa0efde57f85fe5a2c28cb95da44142fadf65a3eb87f398453894d&o=&hp=1", "https://cf.bstatic.com/xdata/images/hotel/max1024x768/484731775.jpg?k=5e7f1e2d2ccfc1ee10df5dda9247847d3bd753584c7a980f287bb0a8d535892a&o=&hp=1", "https://cf.bstatic.com/xdata/images/hotel/max1024x768/451093542.jpg?k=7551e0935ef3ccdb9c8af946556092a9ea8a4e407a2d52d130dff09b60d32f36&o=&hp=1", "https://cf.bstatic.com/xdata/images/hotel/max1024x768/484731776.jpg?k=b5b254716b56b079fdaea496e3b21e2d20604190d45a22f0efa258f2af9216d1&o=&hp=1", "https://cf.bstatic.com/xdata/images/hotel/max1024x768/500307957.jpg?k=b62f47fb57d44a47c4350a983f202495585b9b4db310e670ca19feae871f2aab&o=&hp=1", "https://cf.bstatic.com/xdata/images/hotel/max1024x768/484731782.jpg?k=7b13c77b31e281cf36e7ad497c16233e83313647adcbee0a98d4968489526793&o=&hp=1", "https://cf.bstatic.com/xdata/images/hotel/max1024x768/451093587.jpg?k=3100b6a5c8e62f0bfd7ef0e260f8ef6a7ef7cf7fb585c818101695aeb9cae90f&o=&hp=1", "https://cf.bstatic.com/xdata/images/hotel/max1024x768/451093602.jpg?k=ac8ef6881c8eaf5f3136a043325a2016c15f1924f90265bcdc9d2fd3159fb256&o=&hp=1", "https://cf.bstatic.com/xdata/images/hotel/max1024x768/451093634.jpg?k=40ba3b0f9dfff032cc5b5cef6843178946043430f9a288dddd79f27bdc463843&o=&hp=1", "https://cf.bstatic.com/xdata/images/hotel/max1024x768/484731788.jpg?k=fb9011edc5965266cc92a7587a22652bfa110206b6a2d47c20006cd41a29dadd&o=&hp=1", "https://cf.bstatic.com/xdata/images/hotel/max1024x768/484731793.jpg?k=c997b25739cb9f4cf2d763ac602bb9fcef650d73fea390d69044faffafa82241&o=&hp=1", "https://cf.bstatic.com/xdata/images/hotel/max1024x768/451093670.jpg?k=fccae01c49f9a1ad613e9244cd3c2b5cbbaf5ca1592959c280d382380893d3bf&o=&hp=1", "https://cf.bstatic.com/xdata/images/hotel/max1024x768/484731790.jpg?k=741792b95aeba4e5bb9a0a5c8f9b34e3c109fe6c9e918ce0aa8cb04ecf31e0c1&o=&hp=1", "https://cf.bstatic.com/xdata/images/hotel/max1024x768/451093616.jpg?k=c0e47f5e676fb1ba406ae1de666be653d53be4dfe75a4759a413e9377b58bcaa&o=&hp=1", "https://cf.bstatic.com/xdata/images/hotel/max1024x768/484731786.jpg?k=19a021fee7f2ab8820f6f05a96bd067ae5fa0bac2a4018e69ceccaffd96b96d8&o=&hp=1"]}