{"hotel_name": "Courtyard-by-Marriott-Baldwin-Park-(Hotel)", "date_accessed": "2024-08-28", "gps": "34.07148442,-117.95654655", "address": "14635 Baldwin Park Towne Center, Baldwin Park, CA 91706, United States of America \u2013 Great location", "rating": "8.5", "url": "https://www.booking.com/hotel/us/courtyard-by-marriott-lax-baldwin-park.html?aid=304142&label=gen173nr-1FCAMo7AFCDGJhbGR3aW4tcGFya0gzWARonQKIAQGYATG4AQfIAQ_YAQHoAQH4AQKIAgGoAgO4AqXQv7YGwAIB0gIkNjdkMGU2MmMtODIwMi00YzU1LTk2YWMtMjI4NTQ1NmU0M2I12AIF4AIB&sid=8afd0889efd5d3fe433c8d072c4e6bd5&dest_id=20011469&dest_type=city&dist=0&group_adults=2&group_children=0&hapos=1&hpos=1&no_rooms=1&req_adults=2&req_children=0&room1=A%2CA&sb_price_type=total&sr_order=popularity&srepoch=1724901465&srpvid=e03317277ce5035a&type=total&ucfs=1&activeTab=photosGallery#close-lightbox", "images": ["https://cf.bstatic.com/xdata/images/hotel/max1024x768/439499398.jpg?k=7a1a2444e07c3daa888ae4adee6e5e6f184614ea661b5d55d457fca72998838c&o=&hp=1", "https://cf.bstatic.com/xdata/images/hotel/max1024x768/439499415.jpg?k=5075f2e3c66a780f17242141a1a11abd8a6262b33087daea9e67eb8d63014a7a&o=&hp=1", "https://cf.bstatic.com/xdata/images/hotel/max1024x768/439499407.jpg?k=456c2d63e78cf7e7b97435d5ff6e4333d0cf5a4836ee2e652a6083636d1abb51&o=&hp=1", "https://cf.bstatic.com/xdata/images/hotel/max1024x768/439499450.jpg?k=6ee0a7fa9445be9c3be94da334a2571ad9d347506f434ea17230085e591d0305&o=&hp=1", "https://cf.bstatic.com/xdata/images/hotel/max1024x768/439499462.jpg?k=54126c8b054045dd279c6fe96341afee53801d6c94df1d281f08fe0a03b7268b&o=&hp=1", "https://cf.bstatic.com/xdata/images/hotel/max1024x768/439499402.jpg?k=a0f51512cc7cbfec7a469b3d0c19fdfffbab0839e262177ded41f6e10e3d2682&o=&hp=1", "https://cf.bstatic.com/xdata/images/hotel/max1024x768/439499459.jpg?k=3697022e0120bf4f3cfe54b2d05d08d4cdd7256c9195d47d417b8b1f42e40c3d&o=&hp=1", "https://cf.bstatic.com/xdata/images/hotel/max1024x768/439499399.jpg?k=d16fd6513560362d8cf1d1fd02a3e685ce4fe8a24e38b19a9327fae80b04aa56&o=&hp=1", "https://cf.bstatic.com/xdata/images/hotel/max1024x768/439499410.jpg?k=5d2f73d105e4b09f5e5ff93cc8680fdde155adb509722c0eb16ab27068621b1f&o=&hp=1", "https://cf.bstatic.com/xdata/images/hotel/max1024x768/439499401.jpg?k=ade42274a00eceb1e4be02086f4af1bb196b6c4e22733dabf9f1931eda13f14d&o=&hp=1", "https://cf.bstatic.com/xdata/images/hotel/max1024x768/439499437.jpg?k=48e857c0978471cb98e58bbae219b148b8921329161daf8673921f85dac008bd&o=&hp=1", "https://cf.bstatic.com/xdata/images/hotel/max1024x768/439499412.jpg?k=4d0a70bebfc168680617ea5d8b3d204074bca4da55e928deb246158bab7e893b&o=&hp=1", "https://cf.bstatic.com/xdata/images/hotel/max1024x768/439499419.jpg?k=ab98b99a67cd2ebaa5a36c7350072684a66db07f3661b9d2472cb67da707fd06&o=&hp=1", "https://cf.bstatic.com/xdata/images/hotel/max1024x768/439499436.jpg?k=bf03f0fafccd4caff195e305fb026fca359eef9404b4eb5b3114d8dd1d40cb57&o=&hp=1", "https://cf.bstatic.com/xdata/images/hotel/max1024x768/439499442.jpg?k=1df52c6c618a196d68bf9205231e869c533bcc0eaeacb354f8f30b6720df44df&o=&hp=1", "https://cf.bstatic.com/xdata/images/hotel/max1024x768/439499441.jpg?k=330b6f159c6c51564d7cd57ba3adcbeea030deddc3bb4fb35db60fc0ab29d1b4&o=&hp=1", "https://cf.bstatic.com/xdata/images/hotel/max1024x768/439499440.jpg?k=f495b58303cc3aeef9e7ac347fda15c37b4c2c44613619b284bbe62a58740cc2&o=&hp=1", "https://cf.bstatic.com/xdata/images/hotel/max1024x768/439499445.jpg?k=3ad38387c8dc1e42ec1114be36123d9afc12349f81d4f46ec9c07593c1ff4453&o=&hp=1", "https://cf.bstatic.com/xdata/images/hotel/max1024x768/439499448.jpg?k=bd202fec40a9e21ee8b0a1ca5157c6b5c924d803afbd3b019ae0587fec069bcd&o=&hp=1", "https://cf.bstatic.com/xdata/images/hotel/max1024x768/439499458.jpg?k=9516a022783c3701dfc5ffc7dbfdf7604472a6d31d122618ebb8445e9fe04933&o=&hp=1", "https://cf.bstatic.com/xdata/images/hotel/max1024x768/439499465.jpg?k=135f2101c507de5cac6e2e9f9e064a34358ccb449c0c7fcce13b5da6599a97aa&o=&hp=1", "https://cf.bstatic.com/xdata/images/hotel/max1024x768/439499471.jpg?k=3e520fbc9e68419028bf3d66ca4cf8bbbc2442cb0df6e3eb7e3ee0353b678fee&o=&hp=1", "https://cf.bstatic.com/xdata/images/hotel/max1024x768/439499469.jpg?k=b42ab7e60683eadba3c98f95e1e1b3f6c8b846e09a4bf48f08dadda1a997dd1c&o=&hp=1", "https://cf.bstatic.com/xdata/images/hotel/max1024x768/439499466.jpg?k=0224fd968b8e9846218e422e3caf48bcfb028a89cffdccdca7c4303453f263ce&o=&hp=1", "https://cf.bstatic.com/xdata/images/hotel/max1024x768/439499454.jpg?k=6ad6cf7ddaa2d5f6301d1883ebbc3b75fd871a7942e9473cfa0336e8a87ff33a&o=&hp=1", "https://cf.bstatic.com/xdata/images/hotel/max1024x768/439499455.jpg?k=55a00a95b8ee9b138d556552429be0b38bd607f2a556117869ba893beae3350b&o=&hp=1", "https://cf.bstatic.com/xdata/images/hotel/max1024x768/439499453.jpg?k=ab178247c8bbc7294af59da5f32908c8378c48599903d3847dfd49890a24632a&o=&hp=1", "https://cf.bstatic.com/xdata/images/hotel/max1024x768/439499398.jpg?k=7a1a2444e07c3daa888ae4adee6e5e6f184614ea661b5d55d457fca72998838c&o=&hp=1", "https://cf.bstatic.com/xdata/images/hotel/max1024x768/439499398.jpg?k=7a1a2444e07c3daa888ae4adee6e5e6f184614ea661b5d55d457fca72998838c&o=&hp=1", "https://cf.bstatic.com/xdata/images/hotel/max1024x768/439499398.jpg?k=7a1a2444e07c3daa888ae4adee6e5e6f184614ea661b5d55d457fca72998838c&o=&hp=1", "https://cf.bstatic.com/xdata/images/hotel/max1024x768/439499415.jpg?k=5075f2e3c66a780f17242141a1a11abd8a6262b33087daea9e67eb8d63014a7a&o=&hp=1", "https://cf.bstatic.com/xdata/images/hotel/max1024x768/439499407.jpg?k=456c2d63e78cf7e7b97435d5ff6e4333d0cf5a4836ee2e652a6083636d1abb51&o=&hp=1", "https://cf.bstatic.com/xdata/images/hotel/max1024x768/439499450.jpg?k=6ee0a7fa9445be9c3be94da334a2571ad9d347506f434ea17230085e591d0305&o=&hp=1", "https://cf.bstatic.com/xdata/images/hotel/max1024x768/439499462.jpg?k=54126c8b054045dd279c6fe96341afee53801d6c94df1d281f08fe0a03b7268b&o=&hp=1", "https://cf.bstatic.com/xdata/images/hotel/max1024x768/439499402.jpg?k=a0f51512cc7cbfec7a469b3d0c19fdfffbab0839e262177ded41f6e10e3d2682&o=&hp=1", "https://cf.bstatic.com/xdata/images/hotel/max1024x768/439499459.jpg?k=3697022e0120bf4f3cfe54b2d05d08d4cdd7256c9195d47d417b8b1f42e40c3d&o=&hp=1", "https://cf.bstatic.com/xdata/images/hotel/max1024x768/439499399.jpg?k=d16fd6513560362d8cf1d1fd02a3e685ce4fe8a24e38b19a9327fae80b04aa56&o=&hp=1", "https://cf.bstatic.com/xdata/images/hotel/max1024x768/439499410.jpg?k=5d2f73d105e4b09f5e5ff93cc8680fdde155adb509722c0eb16ab27068621b1f&o=&hp=1", "https://cf.bstatic.com/xdata/images/hotel/max1024x768/439499401.jpg?k=ade42274a00eceb1e4be02086f4af1bb196b6c4e22733dabf9f1931eda13f14d&o=&hp=1", "https://cf.bstatic.com/xdata/images/hotel/max1024x768/439499437.jpg?k=48e857c0978471cb98e58bbae219b148b8921329161daf8673921f85dac008bd&o=&hp=1", "https://cf.bstatic.com/xdata/images/hotel/max1024x768/439499412.jpg?k=4d0a70bebfc168680617ea5d8b3d204074bca4da55e928deb246158bab7e893b&o=&hp=1", "https://cf.bstatic.com/xdata/images/hotel/max1024x768/439499419.jpg?k=ab98b99a67cd2ebaa5a36c7350072684a66db07f3661b9d2472cb67da707fd06&o=&hp=1", "https://cf.bstatic.com/xdata/images/hotel/max1024x768/439499436.jpg?k=bf03f0fafccd4caff195e305fb026fca359eef9404b4eb5b3114d8dd1d40cb57&o=&hp=1", "https://cf.bstatic.com/xdata/images/hotel/max1024x768/439499442.jpg?k=1df52c6c618a196d68bf9205231e869c533bcc0eaeacb354f8f30b6720df44df&o=&hp=1", "https://cf.bstatic.com/xdata/images/hotel/max1024x768/439499441.jpg?k=330b6f159c6c51564d7cd57ba3adcbeea030deddc3bb4fb35db60fc0ab29d1b4&o=&hp=1", "https://cf.bstatic.com/xdata/images/hotel/max1024x768/439499440.jpg?k=f495b58303cc3aeef9e7ac347fda15c37b4c2c44613619b284bbe62a58740cc2&o=&hp=1", "https://cf.bstatic.com/xdata/images/hotel/max1024x768/439499445.jpg?k=3ad38387c8dc1e42ec1114be36123d9afc12349f81d4f46ec9c07593c1ff4453&o=&hp=1", "https://cf.bstatic.com/xdata/images/hotel/max1024x768/439499448.jpg?k=bd202fec40a9e21ee8b0a1ca5157c6b5c924d803afbd3b019ae0587fec069bcd&o=&hp=1", "https://cf.bstatic.com/xdata/images/hotel/max1024x768/439499458.jpg?k=9516a022783c3701dfc5ffc7dbfdf7604472a6d31d122618ebb8445e9fe04933&o=&hp=1", "https://cf.bstatic.com/xdata/images/hotel/max1024x768/439499465.jpg?k=135f2101c507de5cac6e2e9f9e064a34358ccb449c0c7fcce13b5da6599a97aa&o=&hp=1", "https://cf.bstatic.com/xdata/images/hotel/max1024x768/439499471.jpg?k=3e520fbc9e68419028bf3d66ca4cf8bbbc2442cb0df6e3eb7e3ee0353b678fee&o=&hp=1", "https://cf.bstatic.com/xdata/images/hotel/max1024x768/439499469.jpg?k=b42ab7e60683eadba3c98f95e1e1b3f6c8b846e09a4bf48f08dadda1a997dd1c&o=&hp=1", "https://cf.bstatic.com/xdata/images/hotel/max1024x768/439499466.jpg?k=0224fd968b8e9846218e422e3caf48bcfb028a89cffdccdca7c4303453f263ce&o=&hp=1", "https://cf.bstatic.com/xdata/images/hotel/max1024x768/439499454.jpg?k=6ad6cf7ddaa2d5f6301d1883ebbc3b75fd871a7942e9473cfa0336e8a87ff33a&o=&hp=1", "https://cf.bstatic.com/xdata/images/hotel/max1024x768/439499455.jpg?k=55a00a95b8ee9b138d556552429be0b38bd607f2a556117869ba893beae3350b&o=&hp=1", "https://cf.bstatic.com/xdata/images/hotel/max1024x768/439499453.jpg?k=ab178247c8bbc7294af59da5f32908c8378c48599903d3847dfd49890a24632a&o=&hp=1", "https://cf.bstatic.com/xdata/images/hotel/max1024x768/439499398.jpg?k=7a1a2444e07c3daa888ae4adee6e5e6f184614ea661b5d55d457fca72998838c&o=&hp=1"]}