{"hotel_name": "Sleep-Inn-&-Suites-Springdale-West-(Hotel)", "date_accessed": "2024-09-08", "gps": "36.17612398,-94.17853564", "address": "1056 Rieff Street, Springdale, AR 72762, United States of America", "rating": "8.4", "url": "https://www.booking.com/hotel/us/hotel-rieff-street-springdale.html?aid=304142&label=gen173nr-1FCAMo7AFCB2pvaG5zb25IM1gEaJ0CiAEBmAExuAEHyAEP2AEB6AEB-AECiAIBqAIDuAKvpfm2BsACAdICJGZhNGYwNWI0LTNjNGQtNDYwOC04MjBjLWY3YzEwNmM2NzYxMdgCBeACAQ&sid=7f21eaf3e8445256dff0ab6c162c385a&dest_id=20009241&dest_type=city&dist=0&group_adults=2&group_children=0&hapos=2&hpos=2&no_rooms=1&req_adults=2&req_children=0&room1=A%2CA&sb_price_type=total&sr_order=popularity&srepoch=1725846284&srpvid=e43c0c4004ac0156&type=total&ucfs=1&activeTab=photosGallery#close-lightbox", "images": ["https://cf.bstatic.com/xdata/images/hotel/max1024x768/170424804.jpg?k=8c8b1caf0f2aa84691aacfe298180d9cdfd5abedea0bb29328a74ef90c5dca20&o=&hp=1", "https://cf.bstatic.com/xdata/images/hotel/max1024x768/294674774.jpg?k=cd46b9766040e215479990fcc06621bd50ab6898bbceba968bba70b043b42e60&o=&hp=1", "https://cf.bstatic.com/xdata/images/hotel/max1024x768/250726376.jpg?k=4b77f632b2b56dacf8dfe2cbdf6ac4ab6db03c9be5ec607a6ff761fc50caaa64&o=&hp=1", "https://cf.bstatic.com/xdata/images/hotel/max1024x768/170424126.jpg?k=eee61a1966f9555dd1f6011d5fb7b353736a7ecbbc96368cf2dc6a46fc9c1712&o=&hp=1", "https://cf.bstatic.com/xdata/images/hotel/max1024x768/170424468.jpg?k=ca75f9a17b9064082699f9064e99e0e11741b1015629b8399031417cd58aef67&o=&hp=1", "https://cf.bstatic.com/xdata/images/hotel/max1024x768/294674773.jpg?k=f9f6e3362af82534982e18b3aabd51bb27ddf991e9d28b1c03618a87cb31a8d7&o=&hp=1", "https://cf.bstatic.com/xdata/images/hotel/max1024x768/170424359.jpg?k=aa0666f8e0e92afb25ef9da05c5f9a79e9ba352c3cd1351c5b9fba1a0cba3bd2&o=&hp=1", "https://cf.bstatic.com/xdata/images/hotel/max1024x768/170424106.jpg?k=1b114d3109befc193a98d3e33532978fed35908058900e6968c92430eae9eea1&o=&hp=1", "https://cf.bstatic.com/xdata/images/hotel/max1024x768/170424591.jpg?k=00ee78fe815ffc5524dd0a6df502e81e53620edfd9af9c2422084f08c6832bbc&o=&hp=1", "https://cf.bstatic.com/xdata/images/hotel/max1024x768/250726363.jpg?k=ebe5389ff1a5b4fd4e06f89b36cca724e50c58b6f9c74aa60f572b089246c7d0&o=&hp=1", "https://cf.bstatic.com/xdata/images/hotel/max1024x768/285905229.jpg?k=9a918b4690d0f749cc98c0ecb9cc08af2d1cf1e432c670f950e907b143cb702c&o=&hp=1", "https://cf.bstatic.com/xdata/images/hotel/max1024x768/294674777.jpg?k=8f6201aeadcd7e7ba74331ae3a899cc5b12a202103dc18314d933e6c2aa49f7f&o=&hp=1", "https://cf.bstatic.com/xdata/images/hotel/max1024x768/294674778.jpg?k=f203953d2687339598b5c41aac697e1cf2c98d1e2449d89cdf229988aa98f89e&o=&hp=1", "https://cf.bstatic.com/xdata/images/hotel/max1024x768/294674781.jpg?k=21ddebdc3d1f2d53f98abef959895f3e242ea3668905b3199538c75bb8bab7da&o=&hp=1", "https://cf.bstatic.com/xdata/images/hotel/max1024x768/170424186.jpg?k=4428721395e3b75dbcdfea0820315e1e435f6d6ddf5b9789a8cd973f8e8d200c&o=&hp=1", "https://cf.bstatic.com/xdata/images/hotel/max1024x768/250726370.jpg?k=bec8966a6f6768e92558aa50de88bfdc1c66201d49b344bdbc1ecc3a020c952b&o=&hp=1", "https://cf.bstatic.com/xdata/images/hotel/max1024x768/302631006.jpg?k=ac5f21b2adb9ded729c61772058564e2158329a6ded3063a9133769bb818b904&o=&hp=1", "https://cf.bstatic.com/xdata/images/hotel/max1024x768/170424122.jpg?k=9d25563ef284c8d7d62628f7e0c5f85cf768d24fa892652a0ccf751aa3a4510b&o=&hp=1", "https://cf.bstatic.com/xdata/images/hotel/max1024x768/250726378.jpg?k=e7317ff29a49e21f5561372c75e3e5b3c7c12fb585e55b6f80fe6e42faf725b2&o=&hp=1", "https://cf.bstatic.com/xdata/images/hotel/max1024x768/170423974.jpg?k=ced0a7079c326e55dedc61f4cf42eb4139e3c53130462f90073a6644edcf5622&o=&hp=1", "https://cf.bstatic.com/xdata/images/hotel/max1024x768/170424389.jpg?k=ac81a2f504b38376207d79e91e948d0e5b17325d0f239e415d4bff179bf981e6&o=&hp=1", "https://cf.bstatic.com/xdata/images/hotel/max1024x768/170424217.jpg?k=e546489a83a56bb4bc14c4b3246c6b680cd59fa4cb39866492a7fcbbde474cdd&o=&hp=1", "https://cf.bstatic.com/xdata/images/hotel/max1024x768/170424460.jpg?k=1b839bdce7a8360c165bdeecfd4f01c77f5d13c083e2228411a566d87576a54f&o=&hp=1", "https://cf.bstatic.com/xdata/images/hotel/max1024x768/170424159.jpg?k=1eb69f91141146549c00c51ea125626294762af310fcadb49ef0c1eb2b8227d9&o=&hp=1", "https://cf.bstatic.com/xdata/images/hotel/max1024x768/297590495.jpg?k=e0a76adc78b624ec11562d99dd1f32a8144b992515fcdda77a642c7801d57cb8&o=&hp=1", "https://cf.bstatic.com/xdata/images/hotel/max1024x768/170424804.jpg?k=8c8b1caf0f2aa84691aacfe298180d9cdfd5abedea0bb29328a74ef90c5dca20&o=&hp=1", "https://cf.bstatic.com/xdata/images/hotel/max1024x768/170424804.jpg?k=8c8b1caf0f2aa84691aacfe298180d9cdfd5abedea0bb29328a74ef90c5dca20&o=&hp=1", "https://cf.bstatic.com/xdata/images/hotel/max1024x768/170424804.jpg?k=8c8b1caf0f2aa84691aacfe298180d9cdfd5abedea0bb29328a74ef90c5dca20&o=&hp=1", "https://cf.bstatic.com/xdata/images/hotel/max1024x768/294674774.jpg?k=cd46b9766040e215479990fcc06621bd50ab6898bbceba968bba70b043b42e60&o=&hp=1", "https://cf.bstatic.com/xdata/images/hotel/max1024x768/250726376.jpg?k=4b77f632b2b56dacf8dfe2cbdf6ac4ab6db03c9be5ec607a6ff761fc50caaa64&o=&hp=1", "https://cf.bstatic.com/xdata/images/hotel/max1024x768/170424126.jpg?k=eee61a1966f9555dd1f6011d5fb7b353736a7ecbbc96368cf2dc6a46fc9c1712&o=&hp=1", "https://cf.bstatic.com/xdata/images/hotel/max1024x768/170424468.jpg?k=ca75f9a17b9064082699f9064e99e0e11741b1015629b8399031417cd58aef67&o=&hp=1", "https://cf.bstatic.com/xdata/images/hotel/max1024x768/294674773.jpg?k=f9f6e3362af82534982e18b3aabd51bb27ddf991e9d28b1c03618a87cb31a8d7&o=&hp=1", "https://cf.bstatic.com/xdata/images/hotel/max1024x768/170424359.jpg?k=aa0666f8e0e92afb25ef9da05c5f9a79e9ba352c3cd1351c5b9fba1a0cba3bd2&o=&hp=1", "https://cf.bstatic.com/xdata/images/hotel/max1024x768/170424106.jpg?k=1b114d3109befc193a98d3e33532978fed35908058900e6968c92430eae9eea1&o=&hp=1", "https://cf.bstatic.com/xdata/images/hotel/max1024x768/170424591.jpg?k=00ee78fe815ffc5524dd0a6df502e81e53620edfd9af9c2422084f08c6832bbc&o=&hp=1", "https://cf.bstatic.com/xdata/images/hotel/max1024x768/250726363.jpg?k=ebe5389ff1a5b4fd4e06f89b36cca724e50c58b6f9c74aa60f572b089246c7d0&o=&hp=1", "https://cf.bstatic.com/xdata/images/hotel/max1024x768/285905229.jpg?k=9a918b4690d0f749cc98c0ecb9cc08af2d1cf1e432c670f950e907b143cb702c&o=&hp=1", "https://cf.bstatic.com/xdata/images/hotel/max1024x768/294674777.jpg?k=8f6201aeadcd7e7ba74331ae3a899cc5b12a202103dc18314d933e6c2aa49f7f&o=&hp=1", "https://cf.bstatic.com/xdata/images/hotel/max1024x768/294674778.jpg?k=f203953d2687339598b5c41aac697e1cf2c98d1e2449d89cdf229988aa98f89e&o=&hp=1", "https://cf.bstatic.com/xdata/images/hotel/max1024x768/294674781.jpg?k=21ddebdc3d1f2d53f98abef959895f3e242ea3668905b3199538c75bb8bab7da&o=&hp=1", "https://cf.bstatic.com/xdata/images/hotel/max1024x768/170424186.jpg?k=4428721395e3b75dbcdfea0820315e1e435f6d6ddf5b9789a8cd973f8e8d200c&o=&hp=1", "https://cf.bstatic.com/xdata/images/hotel/max1024x768/250726370.jpg?k=bec8966a6f6768e92558aa50de88bfdc1c66201d49b344bdbc1ecc3a020c952b&o=&hp=1", "https://cf.bstatic.com/xdata/images/hotel/max1024x768/302631006.jpg?k=ac5f21b2adb9ded729c61772058564e2158329a6ded3063a9133769bb818b904&o=&hp=1", "https://cf.bstatic.com/xdata/images/hotel/max1024x768/170424122.jpg?k=9d25563ef284c8d7d62628f7e0c5f85cf768d24fa892652a0ccf751aa3a4510b&o=&hp=1", "https://cf.bstatic.com/xdata/images/hotel/max1024x768/250726378.jpg?k=e7317ff29a49e21f5561372c75e3e5b3c7c12fb585e55b6f80fe6e42faf725b2&o=&hp=1", "https://cf.bstatic.com/xdata/images/hotel/max1024x768/170423974.jpg?k=ced0a7079c326e55dedc61f4cf42eb4139e3c53130462f90073a6644edcf5622&o=&hp=1", "https://cf.bstatic.com/xdata/images/hotel/max1024x768/170424389.jpg?k=ac81a2f504b38376207d79e91e948d0e5b17325d0f239e415d4bff179bf981e6&o=&hp=1", "https://cf.bstatic.com/xdata/images/hotel/max1024x768/170424217.jpg?k=e546489a83a56bb4bc14c4b3246c6b680cd59fa4cb39866492a7fcbbde474cdd&o=&hp=1", "https://cf.bstatic.com/xdata/images/hotel/max1024x768/170424460.jpg?k=1b839bdce7a8360c165bdeecfd4f01c77f5d13c083e2228411a566d87576a54f&o=&hp=1", "https://cf.bstatic.com/xdata/images/hotel/max1024x768/170424159.jpg?k=1eb69f91141146549c00c51ea125626294762af310fcadb49ef0c1eb2b8227d9&o=&hp=1", "https://cf.bstatic.com/xdata/images/hotel/max1024x768/297590495.jpg?k=e0a76adc78b624ec11562d99dd1f32a8144b992515fcdda77a642c7801d57cb8&o=&hp=1", "https://cf.bstatic.com/xdata/images/hotel/max1024x768/170424804.jpg?k=8c8b1caf0f2aa84691aacfe298180d9cdfd5abedea0bb29328a74ef90c5dca20&o=&hp=1"]}