{"hotel_name": "InTown-Suites-Extended-Stay-Select-Montgomery-AL-(Hotel)", "date_accessed": "2024-10-08", "gps": "32.32917600,-86.23677000", "address": "3670 Richard Road, Montgomery, AL 36111, United States of America", "rating": "7.1", "url": "https://www.booking.com/hotel/us/intown-suites-extended-stay-montgomery-al.html", "images": ["https://cf.bstatic.com/xdata/images/hotel/max1024x768/321561333.jpg?k=3a059319a69503ad84277c231e7a530e29ac31e75607c7ebdb77ee43b5b188fd&o=&hp=1", "https://cf.bstatic.com/xdata/images/hotel/max1024x768/321561333.jpg?k=3a059319a69503ad84277c231e7a530e29ac31e75607c7ebdb77ee43b5b188fd&o=&hp=1", "https://cf.bstatic.com/xdata/images/hotel/max1024x768/389224943.jpg?k=7b8206788bfc255a81ea251f46885175cc413753f477d4a298292fc63bb977ee&o=&hp=1", "https://cf.bstatic.com/xdata/images/hotel/max1024x768/321561329.jpg?k=2e493d2d08b708ba1d126b4ef5efc7eab58551c019d395ce58592e179be1e403&o=&hp=1", "https://cf.bstatic.com/xdata/images/hotel/max1024x768/321561313.jpg?k=c9501cb9da7c2903b653fe4594d1974d93289b913065e5f1b09ab3c5312d725e&o=&hp=1", "https://cf.bstatic.com/xdata/images/hotel/max1024x768/226753357.jpg?k=412d2e00689f4e934a05b1e7770b02fe909599150711ebc925e8b4e49d6ea6c8&o=&hp=1", "https://cf.bstatic.com/xdata/images/hotel/max1024x768/321561343.jpg?k=93231ee370f180bd3a97bbbe03919e6a57fb196e5445db2d10ac3d14c471c86e&o=&hp=1", "https://cf.bstatic.com/xdata/images/hotel/max1024x768/321561331.jpg?k=2a851635f8852a328fe23f609ff8867e87bd176c46828fb6c340b05fbb15b2b8&o=&hp=1", "https://cf.bstatic.com/xdata/images/hotel/max1024x768/321561351.jpg?k=b127dff71ca1fac0f990c93358f19ab105ade13a5cd10cd2bc1fe59375ab9597&o=&hp=1", "https://cf.bstatic.com/xdata/images/hotel/max1024x768/321561337.jpg?k=b600571dc9ea5467cec8b5c33a1e585ad31765c8cff687d0ab8142aca60874d9&o=&hp=1"]}