{"hotel_name": "La-Quinta-by-Wyndham-NE-Long-Beach-Cypress-(Hotel),-Hawaiian-Garden", "date_accessed": "2024-09-06", "gps": "33.83184233,-118.06643397", "address": "12441 Carson Street, Hawaiian Gardens, CA 90716, United States", "rating": "7.2", "url": "https://www.booking.com/hotel/us/la-quinta-inn-and-suites-hawaiian-gardens.html?aid=304142&label=gen173nr-1FCAMo7AFCEGhhd2FpaWFuLWdhcmRlbnNIM1gEaJ0CiAEBmAExuAEHyAEP2AEB6AEB-AECiAIBqAIDuAKy_-22BsACAdICJGFhMmNmODZkLTYzNjUtNDM3OS05NDhiLWUzNDlkMjY1YTk1YdgCBeACAQ&sid=47041f539e90674d3739a1da84a96159&dest_id=20013404&dest_type=city&dist=0&group_adults=2&group_children=0&hapos=1&hpos=1&no_rooms=1&req_adults=2&req_children=0&room1=A%2CA&sb_price_type=total&sr_order=popularity&srepoch=1725661159&srpvid=4f709ced4b6f047b&type=total&ucfs=1&activeTab=photosGallery#close-lightbox", "images": ["https://cf.bstatic.com/xdata/images/hotel/max1024x768/436309307.jpg?k=a1c51f5a6eea2b7c0cc6fb9f9fb9bbac35a11c0eea30447ef16b97feed81c84d&o=&hp=1", "https://cf.bstatic.com/xdata/images/hotel/max1024x768/250178032.jpg?k=7e88578e3cae17ec49b38ca8f3c15441927b4e9efd6b3b834df1f5ee9baed1f8&o=&hp=1", "https://cf.bstatic.com/xdata/images/hotel/max1024x768/250178053.jpg?k=2ee49cde471e4926df31d6da84ab718befb4e6480cdbbc2dad618d79d2a22c51&o=&hp=1", "https://cf.bstatic.com/xdata/images/hotel/max1024x768/198179540.jpg?k=e94456b775391e8f59ddbdab5efacea6322ee128f10b545931a1f0ac3d9d9eee&o=&hp=1", "https://cf.bstatic.com/xdata/images/hotel/max1024x768/250178018.jpg?k=a9bedde44bdc786058c6ffe38be03c34c404783d5a1986a3987212e23cf76fd5&o=&hp=1", "https://cf.bstatic.com/xdata/images/hotel/max1024x768/250178014.jpg?k=381197f8f5595d84a3be1b50932ac76d3bfcf1a77d5c59280d611685e98a093f&o=&hp=1", "https://cf.bstatic.com/xdata/images/hotel/max1024x768/198180150.jpg?k=e97edfa6d8f5978d90170ad420c1d002c2b0bb52863e7e0e237a0adfd11ca2ab&o=&hp=1", "https://cf.bstatic.com/xdata/images/hotel/max1024x768/250178016.jpg?k=c1406ba2f8356cd73c5b5f3bdb188efbbe75513ab9f80de884592fa2d8b459ea&o=&hp=1", "https://cf.bstatic.com/xdata/images/hotel/max1024x768/250178015.jpg?k=1f1aa75fdb67d071de910b2d1becdaa8f82f4cbe445f47d7097d5143c10b86d7&o=&hp=1", "https://cf.bstatic.com/xdata/images/hotel/max1024x768/250178022.jpg?k=adcd4ed7e476ff458a4a9c193cd7818b5713b9cd22b4ebeb3f10f679c7f0d750&o=&hp=1", "https://cf.bstatic.com/xdata/images/hotel/max1024x768/250178021.jpg?k=a6cd8dc05b38ce017a764e1dd410bd61553feab7767091d6767c453034162488&o=&hp=1", "https://cf.bstatic.com/xdata/images/hotel/max1024x768/198179647.jpg?k=d8a7297c74e84a682c0cf2bfc3e09bd550abc8e66e6f2c0b033c2245f59567b3&o=&hp=1", "https://cf.bstatic.com/xdata/images/hotel/max1024x768/198179551.jpg?k=ade3e7332f67abbe1a17cd99337155b545371cfedcebf6c5b8ec89e290849dfc&o=&hp=1", "https://cf.bstatic.com/xdata/images/hotel/max1024x768/198179562.jpg?k=eafb28b9e86ad963c6ce0aa032c79eec5b369df5b3e65c37d93985e0f6be381f&o=&hp=1", "https://cf.bstatic.com/xdata/images/hotel/max1024x768/198180164.jpg?k=ca9a0b0a6fc2eeecd80ca1f1b40a613e82d92ae967dd993564dcc42f72fa8a04&o=&hp=1", "https://cf.bstatic.com/xdata/images/hotel/max1024x768/198180096.jpg?k=e45aaf7555b36678c24e0a34df22cbe159ab0205cdb5302b4a2f165aca237b18&o=&hp=1", "https://cf.bstatic.com/xdata/images/hotel/max1024x768/198179641.jpg?k=fd02d867fef62f469144f686d78a26203e53b08e989fae25ff3826f702059915&o=&hp=1", "https://cf.bstatic.com/xdata/images/hotel/max1024x768/198180022.jpg?k=a28801d6d76f4cc2a2335e8fd8a923adf16a5688c3c079fadc7e07d0473173f6&o=&hp=1", "https://cf.bstatic.com/xdata/images/hotel/max1024x768/198179718.jpg?k=125aa0605b4221fd7c367d9630a43687adb89d608cef92c27a7ad865a419c186&o=&hp=1", "https://cf.bstatic.com/xdata/images/hotel/max1024x768/198180225.jpg?k=d094df6f8bbd1cfcb852195f4fc216169debd7346586b5613daad508f2421bbb&o=&hp=1", "https://cf.bstatic.com/xdata/images/hotel/max1024x768/198179697.jpg?k=08ac39d32ca1d080c6b5ec335512cec3d4af04b6d1fc6f229f9bd76aceab32d1&o=&hp=1", "https://cf.bstatic.com/xdata/images/hotel/max1024x768/198180080.jpg?k=751ccbd0d4d50663bf9b85dbfa2c11e72e5c5b623cfaf9c99203680e2970e1d4&o=&hp=1", "https://cf.bstatic.com/xdata/images/hotel/max1024x768/198179675.jpg?k=38e5f308fd2964d1c161cd4351c2d31885265894dc545314f65af6f37bf9268c&o=&hp=1", "https://cf.bstatic.com/xdata/images/hotel/max1024x768/198180100.jpg?k=0f553290c8bea35526528ac3040833159fb64c0a9b05d2694a0b3925775f3dc2&o=&hp=1", "https://cf.bstatic.com/xdata/images/hotel/max1024x768/198179699.jpg?k=94096be9c2fa734f489ec6fac2ad7a40b2452a51f786012a2558d1df3b5047d9&o=&hp=1", "https://cf.bstatic.com/xdata/images/hotel/max1024x768/250178026.jpg?k=a7c48e972647a7d79a762f1f149396a400755cce6d0248c1984385aad024e4a7&o=&hp=1", "https://cf.bstatic.com/xdata/images/hotel/max1024x768/250178029.jpg?k=39e1e8af258b1b4d5bdd9b9ec251dce1a72386caecfc4da412aeb3757f1537ab&o=&hp=1", "https://cf.bstatic.com/xdata/images/hotel/max1024x768/250178028.jpg?k=39a4d7db40af4ed2f32d8bba9adeda35f2717b4c90e1d5b5ba016d79b65d4532&o=&hp=1", "https://cf.bstatic.com/xdata/images/hotel/max1024x768/250178027.jpg?k=adf0937da49a4ab769fe4091d069112f8356d082bd429d4d3835706b6f3612ca&o=&hp=1", "https://cf.bstatic.com/xdata/images/hotel/max1024x768/250178031.jpg?k=b9b69f5cc63f163c973c90c6a3f05f5cffe26a703e369dff27a74ac0193bbe61&o=&hp=1", "https://cf.bstatic.com/xdata/images/hotel/max1024x768/250178034.jpg?k=0e8a25785ff75172e9dfc00578f388fd35f44306d0364bf4ab36055478727c05&o=&hp=1", "https://cf.bstatic.com/xdata/images/hotel/max1024x768/250178037.jpg?k=a5edd023598687a69c7194776486bfa61db5165fc1dd0c62d927afd869199eef&o=&hp=1", "https://cf.bstatic.com/xdata/images/hotel/max1024x768/250178039.jpg?k=0fb796c19fe9ef5c0b30799adae64f3333b867783eaa186154890ed4b2ef57e3&o=&hp=1", "https://cf.bstatic.com/xdata/images/hotel/max1024x768/250178035.jpg?k=4e795168e268c458a1be731c90d03e16d8aee397d1e57af5eb7d05e36f66e064&o=&hp=1", "https://cf.bstatic.com/xdata/images/hotel/max1024x768/250178046.jpg?k=99dfffbfa09ebca2538984f2f2184deae236de9481cbe799ac8a4c9646f3119b&o=&hp=1", "https://cf.bstatic.com/xdata/images/hotel/max1024x768/250178044.jpg?k=8d7b5320473163531447c99b8ca63616179a107479698f53f6a69b6310f9b01a&o=&hp=1", "https://cf.bstatic.com/xdata/images/hotel/max1024x768/250178043.jpg?k=38447ca49a44d5cb0b6299d444e0808d2030f103e4abc06e05251cca11e46eab&o=&hp=1", "https://cf.bstatic.com/xdata/images/hotel/max1024x768/250178045.jpg?k=6d1dc00f670a45897586db226a5db620575bfbf21326a55f75906d8cef0bb15f&o=&hp=1", "https://cf.bstatic.com/xdata/images/hotel/max1024x768/250178048.jpg?k=71f262eeb0edf2417f139642bcb61f6343804c9229227071e1882b537bd1c9d1&o=&hp=1", "https://cf.bstatic.com/xdata/images/hotel/max1024x768/250178052.jpg?k=fed5d7ab2061a37c44d193c1efb48db7eabf0311da79f03b9437aaa856f0c27f&o=&hp=1", "https://cf.bstatic.com/xdata/images/hotel/max1024x768/198179716.jpg?k=a9bb6d5c982150b359dc0fde88b69317ebacbb98b11551e6da7d57ba44bf174b&o=&hp=1", "https://cf.bstatic.com/xdata/images/hotel/max1024x768/198180146.jpg?k=a52670c9866b078892d30282601fa2a56608aa1f42304a42fcb94375e9770eca&o=&hp=1", "https://cf.bstatic.com/xdata/images/hotel/max1024x768/198180189.jpg?k=6fa355db40980453e09ba132de893cdfd90026abee0792548d1311e1bc0a6e6a&o=&hp=1", "https://cf.bstatic.com/xdata/images/hotel/max1024x768/198179690.jpg?k=6f219254b2df6472a44cd426ff1ce705fdcb672ed66b3db92a379d0340722b55&o=&hp=1", "https://cf.bstatic.com/xdata/images/hotel/max1024x768/250178058.jpg?k=a2442b14e18dce07129606f8d215ff41d499967879b7e1c5e587e4773af2c9b7&o=&hp=1", "https://cf.bstatic.com/xdata/images/hotel/max1024x768/436309307.jpg?k=a1c51f5a6eea2b7c0cc6fb9f9fb9bbac35a11c0eea30447ef16b97feed81c84d&o=&hp=1", "https://cf.bstatic.com/xdata/images/hotel/max1024x768/250178032.jpg?k=7e88578e3cae17ec49b38ca8f3c15441927b4e9efd6b3b834df1f5ee9baed1f8&o=&hp=1", "https://cf.bstatic.com/xdata/images/hotel/max1024x768/250178053.jpg?k=2ee49cde471e4926df31d6da84ab718befb4e6480cdbbc2dad618d79d2a22c51&o=&hp=1", "https://cf.bstatic.com/xdata/images/hotel/max1024x768/198179540.jpg?k=e94456b775391e8f59ddbdab5efacea6322ee128f10b545931a1f0ac3d9d9eee&o=&hp=1", "https://cf.bstatic.com/xdata/images/hotel/max1024x768/250178018.jpg?k=a9bedde44bdc786058c6ffe38be03c34c404783d5a1986a3987212e23cf76fd5&o=&hp=1", "https://cf.bstatic.com/xdata/images/hotel/max1024x768/250178014.jpg?k=381197f8f5595d84a3be1b50932ac76d3bfcf1a77d5c59280d611685e98a093f&o=&hp=1", "https://cf.bstatic.com/xdata/images/hotel/max1024x768/198180150.jpg?k=e97edfa6d8f5978d90170ad420c1d002c2b0bb52863e7e0e237a0adfd11ca2ab&o=&hp=1", "https://cf.bstatic.com/xdata/images/hotel/max1024x768/250178016.jpg?k=c1406ba2f8356cd73c5b5f3bdb188efbbe75513ab9f80de884592fa2d8b459ea&o=&hp=1", "https://cf.bstatic.com/xdata/images/hotel/max1024x768/250178015.jpg?k=1f1aa75fdb67d071de910b2d1becdaa8f82f4cbe445f47d7097d5143c10b86d7&o=&hp=1", "https://cf.bstatic.com/xdata/images/hotel/max1024x768/250178022.jpg?k=adcd4ed7e476ff458a4a9c193cd7818b5713b9cd22b4ebeb3f10f679c7f0d750&o=&hp=1", "https://cf.bstatic.com/xdata/images/hotel/max1024x768/250178021.jpg?k=a6cd8dc05b38ce017a764e1dd410bd61553feab7767091d6767c453034162488&o=&hp=1", "https://cf.bstatic.com/xdata/images/hotel/max1024x768/198179647.jpg?k=d8a7297c74e84a682c0cf2bfc3e09bd550abc8e66e6f2c0b033c2245f59567b3&o=&hp=1", "https://cf.bstatic.com/xdata/images/hotel/max1024x768/198179551.jpg?k=ade3e7332f67abbe1a17cd99337155b545371cfedcebf6c5b8ec89e290849dfc&o=&hp=1", "https://cf.bstatic.com/xdata/images/hotel/max1024x768/198179562.jpg?k=eafb28b9e86ad963c6ce0aa032c79eec5b369df5b3e65c37d93985e0f6be381f&o=&hp=1", "https://cf.bstatic.com/xdata/images/hotel/max1024x768/198180164.jpg?k=ca9a0b0a6fc2eeecd80ca1f1b40a613e82d92ae967dd993564dcc42f72fa8a04&o=&hp=1", "https://cf.bstatic.com/xdata/images/hotel/max1024x768/198180096.jpg?k=e45aaf7555b36678c24e0a34df22cbe159ab0205cdb5302b4a2f165aca237b18&o=&hp=1", "https://cf.bstatic.com/xdata/images/hotel/max1024x768/198179641.jpg?k=fd02d867fef62f469144f686d78a26203e53b08e989fae25ff3826f702059915&o=&hp=1", "https://cf.bstatic.com/xdata/images/hotel/max1024x768/198180022.jpg?k=a28801d6d76f4cc2a2335e8fd8a923adf16a5688c3c079fadc7e07d0473173f6&o=&hp=1", "https://cf.bstatic.com/xdata/images/hotel/max1024x768/198179718.jpg?k=125aa0605b4221fd7c367d9630a43687adb89d608cef92c27a7ad865a419c186&o=&hp=1", "https://cf.bstatic.com/xdata/images/hotel/max1024x768/198180225.jpg?k=d094df6f8bbd1cfcb852195f4fc216169debd7346586b5613daad508f2421bbb&o=&hp=1", "https://cf.bstatic.com/xdata/images/hotel/max1024x768/198179697.jpg?k=08ac39d32ca1d080c6b5ec335512cec3d4af04b6d1fc6f229f9bd76aceab32d1&o=&hp=1", "https://cf.bstatic.com/xdata/images/hotel/max1024x768/198180080.jpg?k=751ccbd0d4d50663bf9b85dbfa2c11e72e5c5b623cfaf9c99203680e2970e1d4&o=&hp=1", "https://cf.bstatic.com/xdata/images/hotel/max1024x768/198179675.jpg?k=38e5f308fd2964d1c161cd4351c2d31885265894dc545314f65af6f37bf9268c&o=&hp=1", "https://cf.bstatic.com/xdata/images/hotel/max1024x768/198180100.jpg?k=0f553290c8bea35526528ac3040833159fb64c0a9b05d2694a0b3925775f3dc2&o=&hp=1", "https://cf.bstatic.com/xdata/images/hotel/max1024x768/198179699.jpg?k=94096be9c2fa734f489ec6fac2ad7a40b2452a51f786012a2558d1df3b5047d9&o=&hp=1", "https://cf.bstatic.com/xdata/images/hotel/max1024x768/250178026.jpg?k=a7c48e972647a7d79a762f1f149396a400755cce6d0248c1984385aad024e4a7&o=&hp=1", "https://cf.bstatic.com/xdata/images/hotel/max1024x768/250178029.jpg?k=39e1e8af258b1b4d5bdd9b9ec251dce1a72386caecfc4da412aeb3757f1537ab&o=&hp=1", "https://cf.bstatic.com/xdata/images/hotel/max1024x768/250178028.jpg?k=39a4d7db40af4ed2f32d8bba9adeda35f2717b4c90e1d5b5ba016d79b65d4532&o=&hp=1", "https://cf.bstatic.com/xdata/images/hotel/max1024x768/250178027.jpg?k=adf0937da49a4ab769fe4091d069112f8356d082bd429d4d3835706b6f3612ca&o=&hp=1", "https://cf.bstatic.com/xdata/images/hotel/max1024x768/250178031.jpg?k=b9b69f5cc63f163c973c90c6a3f05f5cffe26a703e369dff27a74ac0193bbe61&o=&hp=1", "https://cf.bstatic.com/xdata/images/hotel/max1024x768/250178034.jpg?k=0e8a25785ff75172e9dfc00578f388fd35f44306d0364bf4ab36055478727c05&o=&hp=1", "https://cf.bstatic.com/xdata/images/hotel/max1024x768/250178037.jpg?k=a5edd023598687a69c7194776486bfa61db5165fc1dd0c62d927afd869199eef&o=&hp=1", "https://cf.bstatic.com/xdata/images/hotel/max1024x768/250178039.jpg?k=0fb796c19fe9ef5c0b30799adae64f3333b867783eaa186154890ed4b2ef57e3&o=&hp=1", "https://cf.bstatic.com/xdata/images/hotel/max1024x768/250178035.jpg?k=4e795168e268c458a1be731c90d03e16d8aee397d1e57af5eb7d05e36f66e064&o=&hp=1", "https://cf.bstatic.com/xdata/images/hotel/max1024x768/250178046.jpg?k=99dfffbfa09ebca2538984f2f2184deae236de9481cbe799ac8a4c9646f3119b&o=&hp=1", "https://cf.bstatic.com/xdata/images/hotel/max1024x768/250178044.jpg?k=8d7b5320473163531447c99b8ca63616179a107479698f53f6a69b6310f9b01a&o=&hp=1", "https://cf.bstatic.com/xdata/images/hotel/max1024x768/250178043.jpg?k=38447ca49a44d5cb0b6299d444e0808d2030f103e4abc06e05251cca11e46eab&o=&hp=1", "https://cf.bstatic.com/xdata/images/hotel/max1024x768/250178045.jpg?k=6d1dc00f670a45897586db226a5db620575bfbf21326a55f75906d8cef0bb15f&o=&hp=1", "https://cf.bstatic.com/xdata/images/hotel/max1024x768/250178048.jpg?k=71f262eeb0edf2417f139642bcb61f6343804c9229227071e1882b537bd1c9d1&o=&hp=1", "https://cf.bstatic.com/xdata/images/hotel/max1024x768/250178052.jpg?k=fed5d7ab2061a37c44d193c1efb48db7eabf0311da79f03b9437aaa856f0c27f&o=&hp=1", "https://cf.bstatic.com/xdata/images/hotel/max1024x768/198179716.jpg?k=a9bb6d5c982150b359dc0fde88b69317ebacbb98b11551e6da7d57ba44bf174b&o=&hp=1", "https://cf.bstatic.com/xdata/images/hotel/max1024x768/198180146.jpg?k=a52670c9866b078892d30282601fa2a56608aa1f42304a42fcb94375e9770eca&o=&hp=1", "https://cf.bstatic.com/xdata/images/hotel/max1024x768/198180189.jpg?k=6fa355db40980453e09ba132de893cdfd90026abee0792548d1311e1bc0a6e6a&o=&hp=1", "https://cf.bstatic.com/xdata/images/hotel/max1024x768/198179690.jpg?k=6f219254b2df6472a44cd426ff1ce705fdcb672ed66b3db92a379d0340722b55&o=&hp=1", "https://cf.bstatic.com/xdata/images/hotel/max1024x768/250178058.jpg?k=a2442b14e18dce07129606f8d215ff41d499967879b7e1c5e587e4773af2c9b7&o=&hp=1"]}