{"hotel_name": "Fairfield-Inn-&-Suites-by-Marriott-Hollister-(Hotel)", "date_accessed": "2024-08-27", "gps": "36.86279700,-121.40431700", "address": "390 Gateway Drive, Hollister, 95023, United States of America \u2013 Great location", "rating": "8.4", "url": "https://www.booking.com/hotel/us/fairfield-inn-and-suites-by-marriott-hollister.html?aid=304142&label=gen173nr-1FCAMo7AFCCWhvbGxpc3RlckgzWARonQKIAQGYATG4AQfIAQ_YAQHoAQH4AQKIAgGoAgO4ApnRuLYGwAIB0gIkMWFmNWY3ZjItNGZiYy00NzA2LWI0ZDItYWYxMmZjYzk2MjQ12AIF4AIB&sid=c2d2c5990decadedf0863100cbb528ae&dest_id=20013526&dest_type=city&dist=0&group_adults=2&group_children=0&hapos=3&hpos=3&no_rooms=1&req_adults=2&req_children=0&room1=A%2CA&sb_price_type=total&sr_order=popularity&srepoch=1724787941&srpvid=107e8ae44ebe0182&type=total&ucfs=1&activeTab=photosGallery#close-lightbox", "images": ["https://cf.bstatic.com/xdata/images/hotel/max1024x768/448669470.jpg?k=06e3ce0591f4fcc322f1fc4e2da633862b2c0b48b12d407dc4de434220d890c4&o=&hp=1", "https://cf.bstatic.com/xdata/images/hotel/max1024x768/448669494.jpg?k=65b7e620c23920fa8601e37e46793bbdddd8b20e2858740d0c97754d938c6488&o=&hp=1", "https://cf.bstatic.com/xdata/images/hotel/max1024x768/448669484.jpg?k=2e57962b3fc0b99cafd6c173dd5c303df9ecbb58eb22db288fe573d68dc65ef6&o=&hp=1", "https://cf.bstatic.com/xdata/images/hotel/max1024x768/448669458.jpg?k=919a464283f0178d592a3e44d1fd3d6360f336b6693f6046da93c6692c3e48de&o=&hp=1", "https://cf.bstatic.com/xdata/images/hotel/max1024x768/448669477.jpg?k=61e2f61e1389eda17b438da748ecc81d37dcc30ef42f18b05669f6620705a90b&o=&hp=1", "https://cf.bstatic.com/xdata/images/hotel/max1024x768/448669493.jpg?k=48aa5574fe4e86bdfc31dc5d13c6e03eed86dd7dfd2c8341eb3103558303a42d&o=&hp=1", "https://cf.bstatic.com/xdata/images/hotel/max1024x768/448669461.jpg?k=ecf4fd20dfccfd1bec3986f3ac47bf093680a329fb5afc4d378039c305369c0a&o=&hp=1", "https://cf.bstatic.com/xdata/images/hotel/max1024x768/448669462.jpg?k=b3507b509bbe4a17a319c8c923ffc684b5fe467f18b99dff93a6bdf42c95ad46&o=&hp=1", "https://cf.bstatic.com/xdata/images/hotel/max1024x768/455751658.jpg?k=e83a9df7892c20d65ad4b3421ef0fe32869fbb98a5f36122a3d6a002ad7da07b&o=&hp=1", "https://cf.bstatic.com/xdata/images/hotel/max1024x768/455751667.jpg?k=d30c6d08e6fcb558a65aec6dd4cc5ab435518bd5450f73ac81fae19be4be362b&o=&hp=1", "https://cf.bstatic.com/xdata/images/hotel/max1024x768/455751677.jpg?k=97569a085fdd33491f6db263770b1f152ea6bce4af663db980e5c17d7c5d74a6&o=&hp=1", "https://cf.bstatic.com/xdata/images/hotel/max1024x768/448669466.jpg?k=d9f13f9a3fd26d4e0ebed1c5fd95f41b0dd8d46957c613898c85136607f5aca2&o=&hp=1", "https://cf.bstatic.com/xdata/images/hotel/max1024x768/448669478.jpg?k=bf8af3df3770af481097bf34c44a7b1c4a53bfe6f35d8a30505f12c1ab083f40&o=&hp=1", "https://cf.bstatic.com/xdata/images/hotel/max1024x768/448669473.jpg?k=567d15ddffb521685de876b4acf8f995bd288f897326faba89dcabbb7046bbe2&o=&hp=1", "https://cf.bstatic.com/xdata/images/hotel/max1024x768/448669479.jpg?k=72628aa16baccb31871da2da6c6f464b22d04f895f94934d1916dafcbb488ce3&o=&hp=1", "https://cf.bstatic.com/xdata/images/hotel/max1024x768/448669472.jpg?k=60fd4c409f28536af91108adf68a5673ab771078b44ccf3904c013ccf9f28a30&o=&hp=1", "https://cf.bstatic.com/xdata/images/hotel/max1024x768/448669474.jpg?k=7257d103945ceb81d4aa6d1531b1d83562087506e99280bd542099ca5f0987df&o=&hp=1", "https://cf.bstatic.com/xdata/images/hotel/max1024x768/448669490.jpg?k=6a3abf6d48676ea428cac095f04d2816f10062cf7a023ec1cdcec46fe35fd7b1&o=&hp=1", "https://cf.bstatic.com/xdata/images/hotel/max1024x768/448669476.jpg?k=81de294a443e0d1694fa9d03343f3a393d86683bbbd1918f35ae8dbcbd9856b9&o=&hp=1", "https://cf.bstatic.com/xdata/images/hotel/max1024x768/448669496.jpg?k=e7e049ca4e57f7b08204aeced6c808cb6352c9fe4173e2c0cba032c7d5c59ca4&o=&hp=1", "https://cf.bstatic.com/xdata/images/hotel/max1024x768/448669491.jpg?k=41de9750b1e11de16bed6224a1dac5f3111511b5b00ee1b0821d85ea9063902e&o=&hp=1", "https://cf.bstatic.com/xdata/images/hotel/max1024x768/448669495.jpg?k=a44e0369f3616f2fc10b25344833c02c27afad87f59d678ec19dc8afb6259cf0&o=&hp=1", "https://cf.bstatic.com/xdata/images/hotel/max1024x768/448669460.jpg?k=2711135c87a1995dc095640ed589b37de651684be6104cb1e614f66bab801f9a&o=&hp=1", "https://cf.bstatic.com/xdata/images/hotel/max1024x768/448669459.jpg?k=d0d66d1bf8579782eaa1912654477a54acc52b2479ade0cc786200c8044fb7e4&o=&hp=1", "https://cf.bstatic.com/xdata/images/hotel/max1024x768/448669470.jpg?k=06e3ce0591f4fcc322f1fc4e2da633862b2c0b48b12d407dc4de434220d890c4&o=&hp=1", "https://cf.bstatic.com/xdata/images/hotel/max1024x768/448669470.jpg?k=06e3ce0591f4fcc322f1fc4e2da633862b2c0b48b12d407dc4de434220d890c4&o=&hp=1", "https://cf.bstatic.com/xdata/images/hotel/max1024x768/448669470.jpg?k=06e3ce0591f4fcc322f1fc4e2da633862b2c0b48b12d407dc4de434220d890c4&o=&hp=1", "https://cf.bstatic.com/xdata/images/hotel/max1024x768/448669494.jpg?k=65b7e620c23920fa8601e37e46793bbdddd8b20e2858740d0c97754d938c6488&o=&hp=1", "https://cf.bstatic.com/xdata/images/hotel/max1024x768/448669484.jpg?k=2e57962b3fc0b99cafd6c173dd5c303df9ecbb58eb22db288fe573d68dc65ef6&o=&hp=1", "https://cf.bstatic.com/xdata/images/hotel/max1024x768/448669458.jpg?k=919a464283f0178d592a3e44d1fd3d6360f336b6693f6046da93c6692c3e48de&o=&hp=1", "https://cf.bstatic.com/xdata/images/hotel/max1024x768/448669477.jpg?k=61e2f61e1389eda17b438da748ecc81d37dcc30ef42f18b05669f6620705a90b&o=&hp=1", "https://cf.bstatic.com/xdata/images/hotel/max1024x768/448669493.jpg?k=48aa5574fe4e86bdfc31dc5d13c6e03eed86dd7dfd2c8341eb3103558303a42d&o=&hp=1", "https://cf.bstatic.com/xdata/images/hotel/max1024x768/448669461.jpg?k=ecf4fd20dfccfd1bec3986f3ac47bf093680a329fb5afc4d378039c305369c0a&o=&hp=1", "https://cf.bstatic.com/xdata/images/hotel/max1024x768/448669462.jpg?k=b3507b509bbe4a17a319c8c923ffc684b5fe467f18b99dff93a6bdf42c95ad46&o=&hp=1", "https://cf.bstatic.com/xdata/images/hotel/max1024x768/455751658.jpg?k=e83a9df7892c20d65ad4b3421ef0fe32869fbb98a5f36122a3d6a002ad7da07b&o=&hp=1", "https://cf.bstatic.com/xdata/images/hotel/max1024x768/455751667.jpg?k=d30c6d08e6fcb558a65aec6dd4cc5ab435518bd5450f73ac81fae19be4be362b&o=&hp=1", "https://cf.bstatic.com/xdata/images/hotel/max1024x768/455751677.jpg?k=97569a085fdd33491f6db263770b1f152ea6bce4af663db980e5c17d7c5d74a6&o=&hp=1", "https://cf.bstatic.com/xdata/images/hotel/max1024x768/448669466.jpg?k=d9f13f9a3fd26d4e0ebed1c5fd95f41b0dd8d46957c613898c85136607f5aca2&o=&hp=1", "https://cf.bstatic.com/xdata/images/hotel/max1024x768/448669478.jpg?k=bf8af3df3770af481097bf34c44a7b1c4a53bfe6f35d8a30505f12c1ab083f40&o=&hp=1", "https://cf.bstatic.com/xdata/images/hotel/max1024x768/448669473.jpg?k=567d15ddffb521685de876b4acf8f995bd288f897326faba89dcabbb7046bbe2&o=&hp=1", "https://cf.bstatic.com/xdata/images/hotel/max1024x768/448669479.jpg?k=72628aa16baccb31871da2da6c6f464b22d04f895f94934d1916dafcbb488ce3&o=&hp=1", "https://cf.bstatic.com/xdata/images/hotel/max1024x768/448669472.jpg?k=60fd4c409f28536af91108adf68a5673ab771078b44ccf3904c013ccf9f28a30&o=&hp=1", "https://cf.bstatic.com/xdata/images/hotel/max1024x768/448669474.jpg?k=7257d103945ceb81d4aa6d1531b1d83562087506e99280bd542099ca5f0987df&o=&hp=1", "https://cf.bstatic.com/xdata/images/hotel/max1024x768/448669490.jpg?k=6a3abf6d48676ea428cac095f04d2816f10062cf7a023ec1cdcec46fe35fd7b1&o=&hp=1", "https://cf.bstatic.com/xdata/images/hotel/max1024x768/448669476.jpg?k=81de294a443e0d1694fa9d03343f3a393d86683bbbd1918f35ae8dbcbd9856b9&o=&hp=1", "https://cf.bstatic.com/xdata/images/hotel/max1024x768/448669496.jpg?k=e7e049ca4e57f7b08204aeced6c808cb6352c9fe4173e2c0cba032c7d5c59ca4&o=&hp=1", "https://cf.bstatic.com/xdata/images/hotel/max1024x768/448669491.jpg?k=41de9750b1e11de16bed6224a1dac5f3111511b5b00ee1b0821d85ea9063902e&o=&hp=1", "https://cf.bstatic.com/xdata/images/hotel/max1024x768/448669495.jpg?k=a44e0369f3616f2fc10b25344833c02c27afad87f59d678ec19dc8afb6259cf0&o=&hp=1", "https://cf.bstatic.com/xdata/images/hotel/max1024x768/448669460.jpg?k=2711135c87a1995dc095640ed589b37de651684be6104cb1e614f66bab801f9a&o=&hp=1", "https://cf.bstatic.com/xdata/images/hotel/max1024x768/448669459.jpg?k=d0d66d1bf8579782eaa1912654477a54acc52b2479ade0cc786200c8044fb7e4&o=&hp=1", "https://cf.bstatic.com/xdata/images/hotel/max1024x768/448669470.jpg?k=06e3ce0591f4fcc322f1fc4e2da633862b2c0b48b12d407dc4de434220d890c4&o=&hp=1"]}