{"hotel_name": "Hollister-Inn-(Motel)", "date_accessed": "2024-08-27", "gps": "36.85909405,-121.40197948", "address": "152 San Felipe Road, Hollister, CA 95023, United States of America", "rating": "6.8", "url": "https://www.booking.com/hotel/us/hollister-152-san-felipe-road.html?aid=304142&label=gen173nr-1FCAMo7AFCCWhvbGxpc3RlckgzWARonQKIAQGYATG4AQfIAQ_YAQHoAQH4AQKIAgGoAgO4ApnRuLYGwAIB0gIkMWFmNWY3ZjItNGZiYy00NzA2LWI0ZDItYWYxMmZjYzk2MjQ12AIF4AIB&sid=c5db4995878e8e076d5633b9955c5979&dest_id=20013526&dest_type=city&dist=0&group_adults=2&group_children=0&hapos=5&hpos=5&no_rooms=1&req_adults=2&req_children=0&room1=A%2CA&sb_price_type=total&sr_order=popularity&srepoch=1724789021&srpvid=1a818b144c3a03f2&type=total&ucfs=1&activeTab=photosGallery#close-lightbox", "images": ["https://cf.bstatic.com/xdata/images/hotel/max1024x768/30728994.jpg?k=dbfaa2d7cc92bea98fdbbfe1b1aec6be45275c10e0360fc06723075f60910072&o=&hp=1", "https://cf.bstatic.com/xdata/images/hotel/max1024x768/28707746.jpg?k=c5426aa98d6151162efac4b264f989acadbbc812f7659978c5f1560acfeedbf8&o=&hp=1", "https://cf.bstatic.com/xdata/images/hotel/max1024x768/30728964.jpg?k=e5b05f564a8c98f9c544516513157b525fb890a64a547382fed32350e54a98fb&o=&hp=1", "https://cf.bstatic.com/xdata/images/hotel/max1024x768/28707740.jpg?k=dfb1ce802813d45a0b3ff7c708fd05dcd89da7c5ad8e8ded9ab7c6c0f48bc41e&o=&hp=1", "https://cf.bstatic.com/xdata/images/hotel/max1024x768/30728971.jpg?k=379fb072c95d2d042af9db77c05058a206277749c7928cefa45c65e182450b86&o=&hp=1", "https://cf.bstatic.com/xdata/images/hotel/max1024x768/28707824.jpg?k=d93638c983ecb0080fff01fb9318027f81140be8c5803cb717b934b059210139&o=&hp=1", "https://cf.bstatic.com/xdata/images/hotel/max1024x768/28707707.jpg?k=03bc03f465c0269cbfd4f50eede4895bdd0f10fab8ea939c1b8effe33fe277d0&o=&hp=1", "https://cf.bstatic.com/xdata/images/hotel/max1024x768/28707828.jpg?k=4ee8d96a8cfeb23a7a6a3caee0572088283f3c8ba7304669bd94f67a4883bc12&o=&hp=1", "https://cf.bstatic.com/xdata/images/hotel/max1024x768/28707702.jpg?k=6c4b91b9536eaa2664e28610294bb38cca91b51bacac207839fcbad6986cfe1f&o=&hp=1", "https://cf.bstatic.com/xdata/images/hotel/max1024x768/30728984.jpg?k=de5f5ecc723b195632c77ffbc5cf328830d190b197de21b99b90470d9a006946&o=&hp=1", "https://cf.bstatic.com/xdata/images/hotel/max1024x768/30728994.jpg?k=dbfaa2d7cc92bea98fdbbfe1b1aec6be45275c10e0360fc06723075f60910072&o=&hp=1", "https://cf.bstatic.com/xdata/images/hotel/max1024x768/28707746.jpg?k=c5426aa98d6151162efac4b264f989acadbbc812f7659978c5f1560acfeedbf8&o=&hp=1", "https://cf.bstatic.com/xdata/images/hotel/max1024x768/30728964.jpg?k=e5b05f564a8c98f9c544516513157b525fb890a64a547382fed32350e54a98fb&o=&hp=1", "https://cf.bstatic.com/xdata/images/hotel/max1024x768/28707740.jpg?k=dfb1ce802813d45a0b3ff7c708fd05dcd89da7c5ad8e8ded9ab7c6c0f48bc41e&o=&hp=1", "https://cf.bstatic.com/xdata/images/hotel/max1024x768/30728971.jpg?k=379fb072c95d2d042af9db77c05058a206277749c7928cefa45c65e182450b86&o=&hp=1", "https://cf.bstatic.com/xdata/images/hotel/max1024x768/28707824.jpg?k=d93638c983ecb0080fff01fb9318027f81140be8c5803cb717b934b059210139&o=&hp=1", "https://cf.bstatic.com/xdata/images/hotel/max1024x768/28707707.jpg?k=03bc03f465c0269cbfd4f50eede4895bdd0f10fab8ea939c1b8effe33fe277d0&o=&hp=1", "https://cf.bstatic.com/xdata/images/hotel/max1024x768/28707828.jpg?k=4ee8d96a8cfeb23a7a6a3caee0572088283f3c8ba7304669bd94f67a4883bc12&o=&hp=1", "https://cf.bstatic.com/xdata/images/hotel/max1024x768/28707702.jpg?k=6c4b91b9536eaa2664e28610294bb38cca91b51bacac207839fcbad6986cfe1f&o=&hp=1", "https://cf.bstatic.com/xdata/images/hotel/max1024x768/30728984.jpg?k=de5f5ecc723b195632c77ffbc5cf328830d190b197de21b99b90470d9a006946&o=&hp=1"]}