{"hotel_name": "Travelodge-by-Wyndham-Burbank-Glendale-(Hotel)", "date_accessed": "2024-09-23", "gps": "34.17021200,-118.34776300", "address": "1112 North Hollywood Way, Burbank, CA 91505, United States of America", "rating": "5.1", "url": "https://www.booking.com/hotel/us/travelodge-burbank-glendale.html?activeTab=photosGallery#close-lightbox", "images": ["https://cf.bstatic.com/xdata/images/hotel/max1024x768/543814121.jpg?k=ce902993d4952a1b503114608d51833670b6380fb0f19a7ef0e11c5da853b2c9&o=&hp=1", "https://cf.bstatic.com/xdata/images/hotel/max1024x768/543814122.jpg?k=32270480c96fc7c30637a7dacdd1dacae956524bf902facf1e9ac679ba396212&o=&hp=1", "https://cf.bstatic.com/xdata/images/hotel/max1024x768/268090294.jpg?k=f53b23db79e729906a547b49a675c68a00804ca42df00fe81adcc6e64b9ea982&o=&hp=1", "https://cf.bstatic.com/xdata/images/hotel/max1024x768/543814124.jpg?k=f206f5964c8c6f45903cfd696e5f55c04cea7465aacb96db358b9256ce48202e&o=&hp=1", "https://cf.bstatic.com/xdata/images/hotel/max1024x768/543098841.jpg?k=f6d06da5710d554d7e764ac9d1446ab295e1d3f3db93b3a2b5d87fcbfd6f4f33&o=&hp=1", "https://cf.bstatic.com/xdata/images/hotel/max1024x768/543098849.jpg?k=7b5f858db73516802c145196c98318a64ea35cc118c6eacd707a7263df90ba80&o=&hp=1", "https://cf.bstatic.com/xdata/images/hotel/max1024x768/543814126.jpg?k=1c9065396a405db1f50a0fe0ba879cf127d9e766fbe24a6814dcda00e2604d44&o=&hp=1", "https://cf.bstatic.com/xdata/images/hotel/max1024x768/543098864.jpg?k=97894c43f2bf0a32b1b07015c9e467bd40822c829f20fea139a828e5e0b7fcee&o=&hp=1", "https://cf.bstatic.com/xdata/images/hotel/max1024x768/543814127.jpg?k=50d57cb3a7aebcee586d3e5cc00641d4201455a531954814b71ebfcd58cd5f17&o=&hp=1", "https://cf.bstatic.com/xdata/images/hotel/max1024x768/543814129.jpg?k=60288735e7b961ac6f169d5b2a4b0d8e8dfd4b17ac62e5997fe0d06506ea2d77&o=&hp=1", "https://cf.bstatic.com/xdata/images/hotel/max1024x768/543814131.jpg?k=3cd871593900c0baa93ddcd9a79beb2b5f61dfa3fb0e4df371e12d4fdc9c617c&o=&hp=1", "https://cf.bstatic.com/xdata/images/hotel/max1024x768/543098910.jpg?k=8423d944ee6e22e8a25c0b6f4b79f7b22b8de35d6ee3f0a5f818f7d003deff87&o=&hp=1", "https://cf.bstatic.com/xdata/images/hotel/max1024x768/543098920.jpg?k=a56e7a375bec5df0336fb4f226b921ab056b2fe48a274ad3922bc3cddec6e86e&o=&hp=1", "https://cf.bstatic.com/xdata/images/hotel/max1024x768/543814134.jpg?k=6624d169ed7cdf47e563e105b0c8489ec1fc88a000b2bd409212b9462ba0d406&o=&hp=1", "https://cf.bstatic.com/xdata/images/hotel/max1024x768/267171361.jpg?k=2e967cf0c65fe8f07b228ad7c82cdf08a05b346545b90a27048ba0d401383f6a&o=&hp=1", "https://cf.bstatic.com/xdata/images/hotel/max1024x768/267170820.jpg?k=7a81d23709cf5ec17ac282289394afab2be2cfba394feb215872ccd6dd4742ad&o=&hp=1", "https://cf.bstatic.com/xdata/images/hotel/max1024x768/267171070.jpg?k=260041fcd26dde5ca48bddaccc9ab9fbcc36ff1d5e9b9441bab209249bba36b9&o=&hp=1", "https://cf.bstatic.com/xdata/images/hotel/max1024x768/267170844.jpg?k=cc1f0b9426688a4ec2c22fd5aef94a61be072e147d13128645dbcaec97aa53be&o=&hp=1", "https://cf.bstatic.com/xdata/images/hotel/max1024x768/267170649.jpg?k=ddcb2ded7cfbbe53a81ff20c052aef7fd807abf63c3365555967146f80af27d5&o=&hp=1"]}