{"hotel_name": "UpValley-Inn-&-Hot-Springs,-Ascend-Hotel-Collection-(Hotel),-Calistoga", "date_accessed": "2024-06-30", "gps": "38.58629804,-122.57702038", "address": "1865 Lincoln Avenue, Calistoga, CA 94515, United States of America", "rating": "8.3", "url": "https://www.booking.com/hotel/us/comfort-inn-calistoga.html?aid=304142&label=gen173nr-1FCAMo7AFCCWNhbGlzdG9nYUgzWARonQKIAQGYATG4AQfIAQ_YAQHoAQH4AQKIAgGoAgO4AvPFhrQGwAIB0gIkNzY4MTNhYjUtODIyZS00OGI0LTlkMDctOThiZjVlYmQ2M2Y52AIF4AIB&sid=95cca3adf69446f41a0c26502d4c1f02&dest_id=20011932;dest_type=city;dist=0;group_adults=2;group_children=0;hapos=1;hpos=1;no_rooms=1;req_adults=2;req_children=0;room1=A%2CA;sb_price_type=total;sr_order=popularity;srepoch=1719771938;srpvid=12f1818cb12600d1;type=total;ucfs=1&", "images": []}