{"hotel_name": "Best-Western-Cordelia-Inn-(Hotel),-Fairfiel", "date_accessed": "2024-09-08", "gps": "38.22286946,-122.12519637", "address": "4373 Central Place, Fairfield, CA 94534, United States \u2013 Great location", "rating": "8", "url": "https://www.booking.com/hotel/us/best-western-cordelia-inn.html?aid=304142&label=gen173nr-1FCAMo7AFCD2FtZXJpY2FuLWNhbnlvbkgzWARonQKIAQGYATG4AQfIAQ_YAQHoAQH4AQKIAgGoAgO4Auym-bYGwAIB0gIkOWMzNmUwYWMtNjZlNS00MzAyLWEwNjAtZTk1YTJkMzFmNGFj2AIF4AIB&sid=3defa944be7b35536d13a377f45e7d3a&dest_id=20011319&dest_type=city&dist=0&group_adults=2&group_children=0&hapos=50&hpos=25&no_rooms=1&req_adults=2&req_children=0&room1=A%2CA&sb_price_type=total&sr_order=popularity&srepoch=1725848748&srpvid=35c911119a5800b0&type=total&ucfs=1&activeTab=photosGallery#close-lightbox", "images": ["https://cf.bstatic.com/xdata/images/hotel/max1024x768/528318219.jpg?k=efde2bbe317d64d40bfcb36bc0fe731117b14a6b538e9a9745c4cb580b59bca1&o=&hp=1", "https://cf.bstatic.com/xdata/images/hotel/max1024x768/528318269.jpg?k=f3564d4410591a73ffd68d2f66d5efb2f970ac98a4679f8ec93c210a80687208&o=&hp=1", "https://cf.bstatic.com/xdata/images/hotel/max1024x768/528318272.jpg?k=fdbab3074a9ecb85fca9eef11a949de7c2a77c259487ee30d136494192b59cf0&o=&hp=1", "https://cf.bstatic.com/xdata/images/hotel/max1024x768/528318292.jpg?k=261d7a38e85ddf5b7633625ff5fb4e2439d9e9ddcd2abbbe92eb1157be4686ab&o=&hp=1", "https://cf.bstatic.com/xdata/images/hotel/max1024x768/528318262.jpg?k=e99c74351652a4a1954fd98751a304cd821c25658c7ff41602cd57be51f4acde&o=&hp=1", "https://cf.bstatic.com/xdata/images/hotel/max1024x768/528318228.jpg?k=c0f572f44a88ca3196c15700887cfcdc5bc606e6f0cda3696c939f30ab522cc7&o=&hp=1", "https://cf.bstatic.com/xdata/images/hotel/max1024x768/528318224.jpg?k=ddfeb09150daa8ed30607617437b83896ef31a4fa261ec503572e6252244a629&o=&hp=1", "https://cf.bstatic.com/xdata/images/hotel/max1024x768/528318234.jpg?k=7528ef3c9c690f957c5c5d3308a7b1c41d4b9495d843514776201f78834d70ae&o=&hp=1", "https://cf.bstatic.com/xdata/images/hotel/max1024x768/528318238.jpg?k=72de912c0365ee554b5e5d62d0f909470d51b497ec82fdbcc77729346aa5de07&o=&hp=1", "https://cf.bstatic.com/xdata/images/hotel/max1024x768/528318295.jpg?k=0aa8434e48524ac8d83da6f7a2acf785b27e98d2658b6aa586636b59f8a0f218&o=&hp=1", "https://cf.bstatic.com/xdata/images/hotel/max1024x768/528318244.jpg?k=0c7818d6473535d76bcedca25c14ea174c5ba51e7d37aed13cbbef0d908f391b&o=&hp=1", "https://cf.bstatic.com/xdata/images/hotel/max1024x768/528318286.jpg?k=be9eac77cd38cf1f71e3cb906e6047e5ebe492daebfef5ddd6406e1a5094ff08&o=&hp=1", "https://cf.bstatic.com/xdata/images/hotel/max1024x768/528318268.jpg?k=922ec4dad04889aeb1efdd1b84ad5644f91eb0de17ce224e2f89fb53c77da46e&o=&hp=1", "https://cf.bstatic.com/xdata/images/hotel/max1024x768/528318294.jpg?k=87d2a64b8c39ecddd5d1a6232145a9e89600d99bf817be7054d67e3bf9c61357&o=&hp=1", "https://cf.bstatic.com/xdata/images/hotel/max1024x768/528318241.jpg?k=b166c7d5564e480b8cd9c6c2c8b698885f82cd8cb82341f840bf2340f66f2c0e&o=&hp=1", "https://cf.bstatic.com/xdata/images/hotel/max1024x768/528318242.jpg?k=98f7b30971a5f770369d57b38007e793443ca655b9c41c381fbe7bdda6cfeddb&o=&hp=1", "https://cf.bstatic.com/xdata/images/hotel/max1024x768/528318247.jpg?k=64f79c6becab4e6950c6c2a6c987fd91465f8c36f89acb32119b47452d94fa93&o=&hp=1", "https://cf.bstatic.com/xdata/images/hotel/max1024x768/528318248.jpg?k=5d11fd03e1e5616180783c0c30b4ff149880b40e37ea41ccdb684e3d3a25c202&o=&hp=1", "https://cf.bstatic.com/xdata/images/hotel/max1024x768/528318249.jpg?k=d0bf2d44373afaaaf334b2a2eb4d2f04ecca01fd58d2f750c5ced4aaae3dcfa8&o=&hp=1", "https://cf.bstatic.com/xdata/images/hotel/max1024x768/528318260.jpg?k=c1cdbb8d7ffc42295b79c42d0aed8286888a0b3ded83d8a2f979a330d38ba2db&o=&hp=1", "https://cf.bstatic.com/xdata/images/hotel/max1024x768/528318264.jpg?k=c8495ee7f3b6d5a4610afd1348035e297f99c82ed306707176e6a144ddfea102&o=&hp=1", "https://cf.bstatic.com/xdata/images/hotel/max1024x768/528318270.jpg?k=a5a1c266365a0e26783eadccf708b56e4e6ac4f28b938e3ddb5e2435592a949f&o=&hp=1", "https://cf.bstatic.com/xdata/images/hotel/max1024x768/528318257.jpg?k=ad4edf80361606344123ba6d75ceb7167b0ed4d5118f41223dd5f699ad5c07ec&o=&hp=1", "https://cf.bstatic.com/xdata/images/hotel/max1024x768/528318265.jpg?k=c4a2d9b74e89a1fb851bbf5515ac3c95605e0ea87cbb1f8deeac38cdf8637760&o=&hp=1", "https://cf.bstatic.com/xdata/images/hotel/max1024x768/528318259.jpg?k=6a7a018ad2da938a4258f7ce2e46cf9d74cef26e11380c9dbcde1d6294fe7276&o=&hp=1", "https://cf.bstatic.com/xdata/images/hotel/max1024x768/528318271.jpg?k=8b9c80e220712e46e9c46a23cb562a21fb38df1a51600239fc9caa0131eddc09&o=&hp=1", "https://cf.bstatic.com/xdata/images/hotel/max1024x768/528318266.jpg?k=49c381702b4c6993f283a3835b80f4da8bdeff36b91aaf48cb2aae89bd2f917d&o=&hp=1", "https://cf.bstatic.com/xdata/images/hotel/max1024x768/528318256.jpg?k=568c430265a0013c3b4e18a55b07163d92290b0ff55e61acfc36189562a5c1dc&o=&hp=1", "https://cf.bstatic.com/xdata/images/hotel/max1024x768/528318273.jpg?k=e1d49a903071024ce1026c297522d88e85ba2d6b13945948cb2e31840b025050&o=&hp=1", "https://cf.bstatic.com/xdata/images/hotel/max1024x768/528318279.jpg?k=2e2445ad0d4c030720b149f7bd0caf087b4f657f4d706f53d81825d90bb3a707&o=&hp=1", "https://cf.bstatic.com/xdata/images/hotel/max1024x768/528318281.jpg?k=be6ecd1112a78e06a3f4de71a7f2cd635b9cc9ab46c203c1fbda5b50b1b31eed&o=&hp=1", "https://cf.bstatic.com/xdata/images/hotel/max1024x768/528318219.jpg?k=efde2bbe317d64d40bfcb36bc0fe731117b14a6b538e9a9745c4cb580b59bca1&o=&hp=1", "https://cf.bstatic.com/xdata/images/hotel/max1024x768/528318219.jpg?k=efde2bbe317d64d40bfcb36bc0fe731117b14a6b538e9a9745c4cb580b59bca1&o=&hp=1", "https://cf.bstatic.com/xdata/images/hotel/max1024x768/528318219.jpg?k=efde2bbe317d64d40bfcb36bc0fe731117b14a6b538e9a9745c4cb580b59bca1&o=&hp=1", "https://cf.bstatic.com/xdata/images/hotel/max1024x768/528318269.jpg?k=f3564d4410591a73ffd68d2f66d5efb2f970ac98a4679f8ec93c210a80687208&o=&hp=1", "https://cf.bstatic.com/xdata/images/hotel/max1024x768/528318272.jpg?k=fdbab3074a9ecb85fca9eef11a949de7c2a77c259487ee30d136494192b59cf0&o=&hp=1", "https://cf.bstatic.com/xdata/images/hotel/max1024x768/528318292.jpg?k=261d7a38e85ddf5b7633625ff5fb4e2439d9e9ddcd2abbbe92eb1157be4686ab&o=&hp=1", "https://cf.bstatic.com/xdata/images/hotel/max1024x768/528318262.jpg?k=e99c74351652a4a1954fd98751a304cd821c25658c7ff41602cd57be51f4acde&o=&hp=1", "https://cf.bstatic.com/xdata/images/hotel/max1024x768/528318228.jpg?k=c0f572f44a88ca3196c15700887cfcdc5bc606e6f0cda3696c939f30ab522cc7&o=&hp=1", "https://cf.bstatic.com/xdata/images/hotel/max1024x768/528318224.jpg?k=ddfeb09150daa8ed30607617437b83896ef31a4fa261ec503572e6252244a629&o=&hp=1", "https://cf.bstatic.com/xdata/images/hotel/max1024x768/528318234.jpg?k=7528ef3c9c690f957c5c5d3308a7b1c41d4b9495d843514776201f78834d70ae&o=&hp=1", "https://cf.bstatic.com/xdata/images/hotel/max1024x768/528318238.jpg?k=72de912c0365ee554b5e5d62d0f909470d51b497ec82fdbcc77729346aa5de07&o=&hp=1", "https://cf.bstatic.com/xdata/images/hotel/max1024x768/528318295.jpg?k=0aa8434e48524ac8d83da6f7a2acf785b27e98d2658b6aa586636b59f8a0f218&o=&hp=1", "https://cf.bstatic.com/xdata/images/hotel/max1024x768/528318244.jpg?k=0c7818d6473535d76bcedca25c14ea174c5ba51e7d37aed13cbbef0d908f391b&o=&hp=1", "https://cf.bstatic.com/xdata/images/hotel/max1024x768/528318286.jpg?k=be9eac77cd38cf1f71e3cb906e6047e5ebe492daebfef5ddd6406e1a5094ff08&o=&hp=1", "https://cf.bstatic.com/xdata/images/hotel/max1024x768/528318268.jpg?k=922ec4dad04889aeb1efdd1b84ad5644f91eb0de17ce224e2f89fb53c77da46e&o=&hp=1", "https://cf.bstatic.com/xdata/images/hotel/max1024x768/528318294.jpg?k=87d2a64b8c39ecddd5d1a6232145a9e89600d99bf817be7054d67e3bf9c61357&o=&hp=1", "https://cf.bstatic.com/xdata/images/hotel/max1024x768/528318241.jpg?k=b166c7d5564e480b8cd9c6c2c8b698885f82cd8cb82341f840bf2340f66f2c0e&o=&hp=1", "https://cf.bstatic.com/xdata/images/hotel/max1024x768/528318242.jpg?k=98f7b30971a5f770369d57b38007e793443ca655b9c41c381fbe7bdda6cfeddb&o=&hp=1", "https://cf.bstatic.com/xdata/images/hotel/max1024x768/528318247.jpg?k=64f79c6becab4e6950c6c2a6c987fd91465f8c36f89acb32119b47452d94fa93&o=&hp=1", "https://cf.bstatic.com/xdata/images/hotel/max1024x768/528318248.jpg?k=5d11fd03e1e5616180783c0c30b4ff149880b40e37ea41ccdb684e3d3a25c202&o=&hp=1", "https://cf.bstatic.com/xdata/images/hotel/max1024x768/528318249.jpg?k=d0bf2d44373afaaaf334b2a2eb4d2f04ecca01fd58d2f750c5ced4aaae3dcfa8&o=&hp=1", "https://cf.bstatic.com/xdata/images/hotel/max1024x768/528318260.jpg?k=c1cdbb8d7ffc42295b79c42d0aed8286888a0b3ded83d8a2f979a330d38ba2db&o=&hp=1", "https://cf.bstatic.com/xdata/images/hotel/max1024x768/528318264.jpg?k=c8495ee7f3b6d5a4610afd1348035e297f99c82ed306707176e6a144ddfea102&o=&hp=1", "https://cf.bstatic.com/xdata/images/hotel/max1024x768/528318270.jpg?k=a5a1c266365a0e26783eadccf708b56e4e6ac4f28b938e3ddb5e2435592a949f&o=&hp=1", "https://cf.bstatic.com/xdata/images/hotel/max1024x768/528318257.jpg?k=ad4edf80361606344123ba6d75ceb7167b0ed4d5118f41223dd5f699ad5c07ec&o=&hp=1", "https://cf.bstatic.com/xdata/images/hotel/max1024x768/528318265.jpg?k=c4a2d9b74e89a1fb851bbf5515ac3c95605e0ea87cbb1f8deeac38cdf8637760&o=&hp=1", "https://cf.bstatic.com/xdata/images/hotel/max1024x768/528318259.jpg?k=6a7a018ad2da938a4258f7ce2e46cf9d74cef26e11380c9dbcde1d6294fe7276&o=&hp=1", "https://cf.bstatic.com/xdata/images/hotel/max1024x768/528318271.jpg?k=8b9c80e220712e46e9c46a23cb562a21fb38df1a51600239fc9caa0131eddc09&o=&hp=1", "https://cf.bstatic.com/xdata/images/hotel/max1024x768/528318266.jpg?k=49c381702b4c6993f283a3835b80f4da8bdeff36b91aaf48cb2aae89bd2f917d&o=&hp=1", "https://cf.bstatic.com/xdata/images/hotel/max1024x768/528318256.jpg?k=568c430265a0013c3b4e18a55b07163d92290b0ff55e61acfc36189562a5c1dc&o=&hp=1", "https://cf.bstatic.com/xdata/images/hotel/max1024x768/528318273.jpg?k=e1d49a903071024ce1026c297522d88e85ba2d6b13945948cb2e31840b025050&o=&hp=1", "https://cf.bstatic.com/xdata/images/hotel/max1024x768/528318279.jpg?k=2e2445ad0d4c030720b149f7bd0caf087b4f657f4d706f53d81825d90bb3a707&o=&hp=1", "https://cf.bstatic.com/xdata/images/hotel/max1024x768/528318281.jpg?k=be6ecd1112a78e06a3f4de71a7f2cd635b9cc9ab46c203c1fbda5b50b1b31eed&o=&hp=1", "https://cf.bstatic.com/xdata/images/hotel/max1024x768/528318219.jpg?k=efde2bbe317d64d40bfcb36bc0fe731117b14a6b538e9a9745c4cb580b59bca1&o=&hp=1"]}