{"hotel_name": "Staybridge-Suites-Fairfield-Napa-Valley-Area,-an-IHG-Hotel-(Hotel)", "date_accessed": "2024-06-30", "gps": "38.22002946,-122.13765308", "address": "4775 Business Center Drive, Fairfield, CA 94534, United States of America", "rating": "8.3", "url": "https://www.booking.com/hotel/us/staybridge-suites-fairfield-napa-valley-area.html?aid=304142&label=gen173nr-1FCAMo7AFCCWZhaXJmaWVsZEgzWARonQKIAQGYATG4AQfIAQ_YAQHoAQH4AQKIAgGoAgO4AoPJhrQGwAIB0gIkMzRjY2Q2NWQtOGNiOC00YTk4LTlmMjYtMjZmODQyYmJkMzIw2AIF4AIB&sid=10a524888898c262a17ab298e733d6eb&dest_id=20012890&dest_type=city&dist=0&group_adults=2&group_children=0&hapos=1&hpos=1&no_rooms=1&req_adults=2&req_children=0&room1=A%2CA&sb_price_type=total&sr_order=popularity&srepoch=1719772340&srpvid=503b8255f90f0230&type=total&ucfs=1&activeTab=photosGallery#close-lightbox", "images": ["https://cf.bstatic.com/xdata/images/hotel/max1024x768/250774340.jpg?k=841bbe508b18b7d559ab5c07a0d88b2fbe9e19051eecdadd9a38c6bd44a0c4f7&o=&hp=1", "https://cf.bstatic.com/xdata/images/hotel/max1024x768/452830489.jpg?k=560af679a2dd0994b46eb402f536d43d5b66ea8df21ae0795e589f55ebe39df6&o=&hp=1", "https://cf.bstatic.com/xdata/images/hotel/max1024x768/452830003.jpg?k=0d22c5218ca3a57545532535ccd1993902f82988158dea59e0e2059e5c19757e&o=&hp=1", "https://cf.bstatic.com/xdata/images/hotel/max1024x768/452830008.jpg?k=60d2b905b4d7c9126683e115e370f6c9c77ac3d7b156b0c45bf2a642e1d840a2&o=&hp=1", "https://cf.bstatic.com/xdata/images/hotel/max1024x768/220156409.jpg?k=beecf881d750a297e051287710deeca57562bfea4647265defc4820a893adaee&o=&hp=1", "https://cf.bstatic.com/xdata/images/hotel/max1024x768/452830006.jpg?k=f7fc226b2a07d2126c5eb55456cb7a8e4803f0e0aeceb97329b98254ccf9e490&o=&hp=1", "https://cf.bstatic.com/xdata/images/hotel/max1024x768/452829997.jpg?k=c314cce3bf09f8ce6e118ad96018992cfca7030597caed98b40a28cb232c2a8b&o=&hp=1", "https://cf.bstatic.com/xdata/images/hotel/max1024x768/452829987.jpg?k=c0c4199c573afebc14b3974440ccf13abfaac0de3d5ce3cc5c985888efda84ec&o=&hp=1", "https://cf.bstatic.com/xdata/images/hotel/max1024x768/452830218.jpg?k=ef32d86a681c5d6b42bc09402c76ebbe350a73a643d402e2a387a0558a576f2f&o=&hp=1", "https://cf.bstatic.com/xdata/images/hotel/max1024x768/452830196.jpg?k=62c2f229d79e774c44554519980164eccefa81113778fc3171c10099e8e0b446&o=&hp=1", "https://cf.bstatic.com/xdata/images/hotel/max1024x768/452830186.jpg?k=aeb782b95d58c435dd6f647e7845b684ef95f69b37fa65569ed51d708c6845fe&o=&hp=1", "https://cf.bstatic.com/xdata/images/hotel/max1024x768/452830379.jpg?k=4aec1b632efd283447122f6d91f7538db5b629a49d5ee040a90ab20dc76d5ea5&o=&hp=1", "https://cf.bstatic.com/xdata/images/hotel/max1024x768/452830428.jpg?k=79aecae64f47a0421ac97bb01eb0fc18eb09e450c188db9425b80514addd03e8&o=&hp=1", "https://cf.bstatic.com/xdata/images/hotel/max1024x768/452830393.jpg?k=c63d30cc4de6df9339d3c430acf3a026c1cd7a9572159c72a3f631f6ec096363&o=&hp=1", "https://cf.bstatic.com/xdata/images/hotel/max1024x768/452830458.jpg?k=b704ff4a64f9289103f5c67a58e85e1c7c52b619dc513d7505ce5bb9b143e314&o=&hp=1", "https://cf.bstatic.com/xdata/images/hotel/max1024x768/452830409.jpg?k=ea20dc90de4e2450fce6c58acb9390857c56ce427ec7309e1f2c4ecaec7015da&o=&hp=1", "https://cf.bstatic.com/xdata/images/hotel/max1024x768/452830413.jpg?k=77f356776fa95f81cf937f275f5de4cf5842ebd3ef02c3aa8615f2fc421e2ec0&o=&hp=1", "https://cf.bstatic.com/xdata/images/hotel/max1024x768/452830500.jpg?k=a37d50a56adb60ac7ded99b9e79db41dfef5bf8efb72e59ee93c05b181360e04&o=&hp=1", "https://cf.bstatic.com/xdata/images/hotel/max1024x768/452841677.jpg?k=5764792a87bbbf43477b9d7bb9928c4b80e0424afb5b509fdabab03891ca9cb3&o=&hp=1", "https://cf.bstatic.com/xdata/images/hotel/max1024x768/483034849.jpg?k=6791128484b21a92276a216dd8bc406abaea7e44d391fb18ba706247ac644e02&o=&hp=1", "https://cf.bstatic.com/xdata/images/hotel/max1024x768/483034826.jpg?k=674d8cc15cfda0a71a9b954ccd5e81ac308fc574d084fda3aa88e4fe31211762&o=&hp=1", "https://cf.bstatic.com/xdata/images/hotel/max1024x768/483034936.jpg?k=7eae59cec582ac1b78b32c0e94406aca845ec222e1b8da04a366aceafeabc7a4&o=&hp=1", "https://cf.bstatic.com/xdata/images/hotel/max1024x768/483034950.jpg?k=0c0a16781bd8e3287fc8a7cb494f01573c25717a25a793c3641ddabc4ef1dfa2&o=&hp=1", "https://cf.bstatic.com/xdata/images/hotel/max1024x768/483034932.jpg?k=969118b2c7c31ffcb1774b1920d362fdc4d4f79d307256c27b18d375229f89d3&o=&hp=1", "https://cf.bstatic.com/xdata/images/hotel/max1024x768/483034903.jpg?k=896b54c990c24101bab195d1238c4512048050264d824f5f2b3ee5f8d1f5d6de&o=&hp=1", "https://cf.bstatic.com/xdata/images/hotel/max1024x768/483034980.jpg?k=831ee3fa44c8a9270d20a3c571ec10b4527f29c85342208721a6dbeb5e2c902e&o=&hp=1", "https://cf.bstatic.com/xdata/images/hotel/max1024x768/483035006.jpg?k=e18e156ef54a25aa0c58199ab8c0e4cb99720ae19c50b99d02d478ce0c3e5bf7&o=&hp=1", "https://cf.bstatic.com/xdata/images/hotel/max1024x768/483035008.jpg?k=31c523f007400586a618bc9227e12db58a1247d44cc082f89e6883e8ccfd6859&o=&hp=1", "https://cf.bstatic.com/xdata/images/hotel/max1024x768/483035009.jpg?k=01fb82c2ed756ad6fce157708ffad19194bbb607386cd34cf57bc524fcb2cecb&o=&hp=1", "https://cf.bstatic.com/xdata/images/hotel/max1024x768/483035013.jpg?k=d6f616852e9eea6dc2234a9472e310ed963950aa0c43105a8c9fd1dbf531c26f&o=&hp=1", "https://cf.bstatic.com/xdata/images/hotel/max1024x768/483034979.jpg?k=c6c0449e1ca1b2e6b86a17264af472a4b3650a16819a2eecd610e9ea92fa3046&o=&hp=1", "https://cf.bstatic.com/xdata/images/hotel/max1024x768/483034976.jpg?k=afeab237f5eb1ef62797f20379ad6ee1f817393bf353bd967e86f160e704dc9e&o=&hp=1", "https://cf.bstatic.com/xdata/images/hotel/max1024x768/483035020.jpg?k=3c413853755b60d15e3646ee7074010f975623dabd2fc44b6c8a9725cef97c9c&o=&hp=1", "https://cf.bstatic.com/xdata/images/hotel/max1024x768/483035024.jpg?k=98b677c0f5256e57f35cf7113db5320bab5735c4a546cbfaf80bdb852d6cef72&o=&hp=1", "https://cf.bstatic.com/xdata/images/hotel/max1024x768/491977693.jpg?k=72d3b78ecc4a76942048c72664de376a40dd9f25df59fcd3457dc879b82091fa&o=&hp=1", "https://cf.bstatic.com/xdata/images/hotel/max1024x768/491977822.jpg?k=ce5b45bbff7c5583af10bf869597e076b128a413b54416fd8e3ae604a9d77b56&o=&hp=1", "https://cf.bstatic.com/xdata/images/hotel/max1024x768/491979098.jpg?k=74dd6fb6005b327024c17c1d6417c89bcde185be4de1dcf285c4093d402d15aa&o=&hp=1", "https://cf.bstatic.com/xdata/images/hotel/max1024x768/488351348.jpg?k=167ba9ace6797151fa7d51954cd8c2b93ff33a9e2df00083ebb0b23f77fbf64d&o=&hp=1", "https://cf.bstatic.com/xdata/images/hotel/max1024x768/488351374.jpg?k=9dee06bfbec861ac1c16ccf4bfcee1f5a2e7e064564d5ae9f23ef33e42b453ef&o=&hp=1", "https://cf.bstatic.com/xdata/images/hotel/max1024x768/488351377.jpg?k=6065d2caf3bb843a5fc7cbdec91cc01601628c74b05cf3f0b93d910fea5b586f&o=&hp=1", "https://cf.bstatic.com/xdata/images/hotel/max1024x768/488351324.jpg?k=86d1701a13f68a252e361bd06771c6a9555844c15eb1a904ff8b15a36b943c7f&o=&hp=1", "https://cf.bstatic.com/xdata/images/hotel/max1024x768/488351297.jpg?k=b90deb90fc28ba9c8d93367eea57591523a66dbcb71ccb147c267d248abce1ea&o=&hp=1", "https://cf.bstatic.com/xdata/images/hotel/max1024x768/488351333.jpg?k=b81cb62324a011016b4995d0cb19b12e6bcdb99452a818328d775900c7169a9f&o=&hp=1", "https://cf.bstatic.com/xdata/images/hotel/max1024x768/523514291.jpg?k=fc96712062a57bf9902e61d95db2e085b4ec039afbbbbfeb8f80dd22cebebc22&o=&hp=1", "https://cf.bstatic.com/xdata/images/hotel/max1024x768/488351328.jpg?k=29bde117aa7c4bc8259bca324278597896a8501018c06af3e581b7785ae84bf2&o=&hp=1", "https://cf.bstatic.com/xdata/images/hotel/max1024x768/250774340.jpg?k=841bbe508b18b7d559ab5c07a0d88b2fbe9e19051eecdadd9a38c6bd44a0c4f7&o=&hp=1", "https://cf.bstatic.com/xdata/images/hotel/max1024x768/250774340.jpg?k=841bbe508b18b7d559ab5c07a0d88b2fbe9e19051eecdadd9a38c6bd44a0c4f7&o=&hp=1", "https://cf.bstatic.com/xdata/images/hotel/max1024x768/250774340.jpg?k=841bbe508b18b7d559ab5c07a0d88b2fbe9e19051eecdadd9a38c6bd44a0c4f7&o=&hp=1", "https://cf.bstatic.com/xdata/images/hotel/max1024x768/452830489.jpg?k=560af679a2dd0994b46eb402f536d43d5b66ea8df21ae0795e589f55ebe39df6&o=&hp=1", "https://cf.bstatic.com/xdata/images/hotel/max1024x768/452830003.jpg?k=0d22c5218ca3a57545532535ccd1993902f82988158dea59e0e2059e5c19757e&o=&hp=1", "https://cf.bstatic.com/xdata/images/hotel/max1024x768/452830008.jpg?k=60d2b905b4d7c9126683e115e370f6c9c77ac3d7b156b0c45bf2a642e1d840a2&o=&hp=1", "https://cf.bstatic.com/xdata/images/hotel/max1024x768/220156409.jpg?k=beecf881d750a297e051287710deeca57562bfea4647265defc4820a893adaee&o=&hp=1", "https://cf.bstatic.com/xdata/images/hotel/max1024x768/452830006.jpg?k=f7fc226b2a07d2126c5eb55456cb7a8e4803f0e0aeceb97329b98254ccf9e490&o=&hp=1", "https://cf.bstatic.com/xdata/images/hotel/max1024x768/452829997.jpg?k=c314cce3bf09f8ce6e118ad96018992cfca7030597caed98b40a28cb232c2a8b&o=&hp=1", "https://cf.bstatic.com/xdata/images/hotel/max1024x768/452829987.jpg?k=c0c4199c573afebc14b3974440ccf13abfaac0de3d5ce3cc5c985888efda84ec&o=&hp=1", "https://cf.bstatic.com/xdata/images/hotel/max1024x768/452830218.jpg?k=ef32d86a681c5d6b42bc09402c76ebbe350a73a643d402e2a387a0558a576f2f&o=&hp=1", "https://cf.bstatic.com/xdata/images/hotel/max1024x768/452830196.jpg?k=62c2f229d79e774c44554519980164eccefa81113778fc3171c10099e8e0b446&o=&hp=1", "https://cf.bstatic.com/xdata/images/hotel/max1024x768/452830186.jpg?k=aeb782b95d58c435dd6f647e7845b684ef95f69b37fa65569ed51d708c6845fe&o=&hp=1", "https://cf.bstatic.com/xdata/images/hotel/max1024x768/452830379.jpg?k=4aec1b632efd283447122f6d91f7538db5b629a49d5ee040a90ab20dc76d5ea5&o=&hp=1", "https://cf.bstatic.com/xdata/images/hotel/max1024x768/452830428.jpg?k=79aecae64f47a0421ac97bb01eb0fc18eb09e450c188db9425b80514addd03e8&o=&hp=1", "https://cf.bstatic.com/xdata/images/hotel/max1024x768/452830393.jpg?k=c63d30cc4de6df9339d3c430acf3a026c1cd7a9572159c72a3f631f6ec096363&o=&hp=1", "https://cf.bstatic.com/xdata/images/hotel/max1024x768/452830458.jpg?k=b704ff4a64f9289103f5c67a58e85e1c7c52b619dc513d7505ce5bb9b143e314&o=&hp=1", "https://cf.bstatic.com/xdata/images/hotel/max1024x768/452830409.jpg?k=ea20dc90de4e2450fce6c58acb9390857c56ce427ec7309e1f2c4ecaec7015da&o=&hp=1", "https://cf.bstatic.com/xdata/images/hotel/max1024x768/452830413.jpg?k=77f356776fa95f81cf937f275f5de4cf5842ebd3ef02c3aa8615f2fc421e2ec0&o=&hp=1", "https://cf.bstatic.com/xdata/images/hotel/max1024x768/452830500.jpg?k=a37d50a56adb60ac7ded99b9e79db41dfef5bf8efb72e59ee93c05b181360e04&o=&hp=1", "https://cf.bstatic.com/xdata/images/hotel/max1024x768/452841677.jpg?k=5764792a87bbbf43477b9d7bb9928c4b80e0424afb5b509fdabab03891ca9cb3&o=&hp=1", "https://cf.bstatic.com/xdata/images/hotel/max1024x768/483034849.jpg?k=6791128484b21a92276a216dd8bc406abaea7e44d391fb18ba706247ac644e02&o=&hp=1", "https://cf.bstatic.com/xdata/images/hotel/max1024x768/483034826.jpg?k=674d8cc15cfda0a71a9b954ccd5e81ac308fc574d084fda3aa88e4fe31211762&o=&hp=1", "https://cf.bstatic.com/xdata/images/hotel/max1024x768/483034936.jpg?k=7eae59cec582ac1b78b32c0e94406aca845ec222e1b8da04a366aceafeabc7a4&o=&hp=1", "https://cf.bstatic.com/xdata/images/hotel/max1024x768/483034950.jpg?k=0c0a16781bd8e3287fc8a7cb494f01573c25717a25a793c3641ddabc4ef1dfa2&o=&hp=1", "https://cf.bstatic.com/xdata/images/hotel/max1024x768/483034932.jpg?k=969118b2c7c31ffcb1774b1920d362fdc4d4f79d307256c27b18d375229f89d3&o=&hp=1", "https://cf.bstatic.com/xdata/images/hotel/max1024x768/483034903.jpg?k=896b54c990c24101bab195d1238c4512048050264d824f5f2b3ee5f8d1f5d6de&o=&hp=1", "https://cf.bstatic.com/xdata/images/hotel/max1024x768/483034980.jpg?k=831ee3fa44c8a9270d20a3c571ec10b4527f29c85342208721a6dbeb5e2c902e&o=&hp=1", "https://cf.bstatic.com/xdata/images/hotel/max1024x768/483035006.jpg?k=e18e156ef54a25aa0c58199ab8c0e4cb99720ae19c50b99d02d478ce0c3e5bf7&o=&hp=1", "https://cf.bstatic.com/xdata/images/hotel/max1024x768/483035008.jpg?k=31c523f007400586a618bc9227e12db58a1247d44cc082f89e6883e8ccfd6859&o=&hp=1", "https://cf.bstatic.com/xdata/images/hotel/max1024x768/483035009.jpg?k=01fb82c2ed756ad6fce157708ffad19194bbb607386cd34cf57bc524fcb2cecb&o=&hp=1", "https://cf.bstatic.com/xdata/images/hotel/max1024x768/483035013.jpg?k=d6f616852e9eea6dc2234a9472e310ed963950aa0c43105a8c9fd1dbf531c26f&o=&hp=1", "https://cf.bstatic.com/xdata/images/hotel/max1024x768/483034979.jpg?k=c6c0449e1ca1b2e6b86a17264af472a4b3650a16819a2eecd610e9ea92fa3046&o=&hp=1", "https://cf.bstatic.com/xdata/images/hotel/max1024x768/483034976.jpg?k=afeab237f5eb1ef62797f20379ad6ee1f817393bf353bd967e86f160e704dc9e&o=&hp=1", "https://cf.bstatic.com/xdata/images/hotel/max1024x768/483035020.jpg?k=3c413853755b60d15e3646ee7074010f975623dabd2fc44b6c8a9725cef97c9c&o=&hp=1", "https://cf.bstatic.com/xdata/images/hotel/max1024x768/483035024.jpg?k=98b677c0f5256e57f35cf7113db5320bab5735c4a546cbfaf80bdb852d6cef72&o=&hp=1", "https://cf.bstatic.com/xdata/images/hotel/max1024x768/491977693.jpg?k=72d3b78ecc4a76942048c72664de376a40dd9f25df59fcd3457dc879b82091fa&o=&hp=1", "https://cf.bstatic.com/xdata/images/hotel/max1024x768/491977822.jpg?k=ce5b45bbff7c5583af10bf869597e076b128a413b54416fd8e3ae604a9d77b56&o=&hp=1", "https://cf.bstatic.com/xdata/images/hotel/max1024x768/491979098.jpg?k=74dd6fb6005b327024c17c1d6417c89bcde185be4de1dcf285c4093d402d15aa&o=&hp=1", "https://cf.bstatic.com/xdata/images/hotel/max1024x768/488351348.jpg?k=167ba9ace6797151fa7d51954cd8c2b93ff33a9e2df00083ebb0b23f77fbf64d&o=&hp=1", "https://cf.bstatic.com/xdata/images/hotel/max1024x768/488351374.jpg?k=9dee06bfbec861ac1c16ccf4bfcee1f5a2e7e064564d5ae9f23ef33e42b453ef&o=&hp=1", "https://cf.bstatic.com/xdata/images/hotel/max1024x768/488351377.jpg?k=6065d2caf3bb843a5fc7cbdec91cc01601628c74b05cf3f0b93d910fea5b586f&o=&hp=1", "https://cf.bstatic.com/xdata/images/hotel/max1024x768/488351324.jpg?k=86d1701a13f68a252e361bd06771c6a9555844c15eb1a904ff8b15a36b943c7f&o=&hp=1", "https://cf.bstatic.com/xdata/images/hotel/max1024x768/488351297.jpg?k=b90deb90fc28ba9c8d93367eea57591523a66dbcb71ccb147c267d248abce1ea&o=&hp=1", "https://cf.bstatic.com/xdata/images/hotel/max1024x768/488351333.jpg?k=b81cb62324a011016b4995d0cb19b12e6bcdb99452a818328d775900c7169a9f&o=&hp=1", "https://cf.bstatic.com/xdata/images/hotel/max1024x768/523514291.jpg?k=fc96712062a57bf9902e61d95db2e085b4ec039afbbbbfeb8f80dd22cebebc22&o=&hp=1", "https://cf.bstatic.com/xdata/images/hotel/max1024x768/488351328.jpg?k=29bde117aa7c4bc8259bca324278597896a8501018c06af3e581b7785ae84bf2&o=&hp=1", "https://cf.bstatic.com/xdata/images/hotel/max1024x768/250774340.jpg?k=841bbe508b18b7d559ab5c07a0d88b2fbe9e19051eecdadd9a38c6bd44a0c4f7&o=&hp=1"]}