{"hotel_name": "Best-Western-Los-Alamitos-Inn-&-Suites-(Hotel)", "date_accessed": "2024-09-06", "gps": "33.80898956,-118.07219267", "address": "10591 Los Alamitos Boulevard, Los Alamitos, CA 90720, United States of America \u2013 Great location", "rating": "8.1", "url": "https://www.booking.com/hotel/us/best-western-los-alamitos-inn-suites.html?aid=304142&label=gen173nr-1FCAMo7AFCEGhhd2FpaWFuLWdhcmRlbnNIM1gEaJ0CiAEBmAExuAEHyAEP2AEB6AEB-AECiAIBqAIDuAKy_-22BsACAdICJGFhMmNmODZkLTYzNjUtNDM3OS05NDhiLWUzNDlkMjY1YTk1YdgCBeACAQ&sid=59106c4c5df79af080ca0128e5089432&dest_id=20013404&dest_type=city&dist=0&group_adults=2&group_children=0&hapos=4&hpos=4&no_rooms=1&req_adults=2&req_children=0&room1=A%2CA&sb_price_type=total&sr_order=popularity&srepoch=1725661292&srpvid=00a59d305a8c0301&type=total&ucfs=1&activeTab=photosGallery#close-lightbox", "images": ["https://cf.bstatic.com/xdata/images/hotel/max1024x768/108230510.jpg?k=1bcc774bac896c461a97ea346d80913b4f924b1609c8f64d851fc6f90bab4e93&o=&hp=1", "https://cf.bstatic.com/xdata/images/hotel/max1024x768/89933700.jpg?k=41e9c98f0939d53d5d0ee3f63be1b43a15b712a71f5c25ff1090caee092c8b42&o=&hp=1", "https://cf.bstatic.com/xdata/images/hotel/max1024x768/137250551.jpg?k=850523d166d5841501964b6cf14103f135dee3c7c8951147bf4665cc9524c09f&o=&hp=1", "https://cf.bstatic.com/xdata/images/hotel/max1024x768/108230537.jpg?k=053347b4ddd4a8b36f42b7a069b54ef456a1ede478d246c40e4bebd9c0c55187&o=&hp=1", "https://cf.bstatic.com/xdata/images/hotel/max1024x768/137250514.jpg?k=4bce3b2865dd8ef742da062cb1550c831cbfa54358dea63aaacb49c7cabb4afa&o=&hp=1", "https://cf.bstatic.com/xdata/images/hotel/max1024x768/89933716.jpg?k=55bf204d2bfa8d9b8c674d3ebefd71de1260026afbffd0d64be3ee7eb5a4718f&o=&hp=1", "https://cf.bstatic.com/xdata/images/hotel/max1024x768/137251589.jpg?k=873a7388f9cd971edb9511d76620fd24713ebfa1a7d37cf49f96b174f96dde1c&o=&hp=1", "https://cf.bstatic.com/xdata/images/hotel/max1024x768/89933708.jpg?k=347211bce8119a2076e03801cf7519739c2ec46d2613e4338c958affd0c50197&o=&hp=1", "https://cf.bstatic.com/xdata/images/hotel/max1024x768/89933719.jpg?k=1e7796718f63b74070826e40423f6eb953d9fd352703372056eaadf19effe1ba&o=&hp=1", "https://cf.bstatic.com/xdata/images/hotel/max1024x768/89933712.jpg?k=1bd73d913d303adb0f98e6050337818b26e3b68111f9b83ab10cd09498438652&o=&hp=1", "https://cf.bstatic.com/xdata/images/hotel/max1024x768/89933703.jpg?k=f7b4f95138b606052c9cd6536528f03fd97936efc6f19cf762d177b4b060acf9&o=&hp=1", "https://cf.bstatic.com/xdata/images/hotel/max1024x768/89933690.jpg?k=9e0eb703f1284a3a366a4ab78ef8bc73b711aedf068cf560644813a88fc61ad3&o=&hp=1", "https://cf.bstatic.com/xdata/images/hotel/max1024x768/108230543.jpg?k=bc00c87e67b51794dd66046170eae89c499cdff5c9124043df99d9cb0d47a80a&o=&hp=1", "https://cf.bstatic.com/xdata/images/hotel/max1024x768/108230590.jpg?k=a2f5fc593e33b218c55f901af11b21bdf3ac8c2cfafaca1792d00d6bd5b8dde4&o=&hp=1", "https://cf.bstatic.com/xdata/images/hotel/max1024x768/108230594.jpg?k=2e31b6fa8fb2689ea6a28f72aaa51fe557ac4a335620c75544aba0445d5dbd05&o=&hp=1", "https://cf.bstatic.com/xdata/images/hotel/max1024x768/108230598.jpg?k=14a72ce850c200d50a2b07e9998414b120f5ab1d54a5be4c39f32aff91419ba6&o=&hp=1", "https://cf.bstatic.com/xdata/images/hotel/max1024x768/108230600.jpg?k=83d01bce141df01df08ab18aec51af46e098f69bc92203086d26f96af565b781&o=&hp=1", "https://cf.bstatic.com/xdata/images/hotel/max1024x768/108230602.jpg?k=6d2ce6b328426c390b6fc1aa63c77936d92fe53aeb3b86afba6c25a7544ffeaf&o=&hp=1", "https://cf.bstatic.com/xdata/images/hotel/max1024x768/108230604.jpg?k=089793c619efd6fc91bc1ed6d2afedcd69e1e4bfa9accb961d77d655ec95ae2c&o=&hp=1", "https://cf.bstatic.com/xdata/images/hotel/max1024x768/108230609.jpg?k=bac857bf26824d34cae47ac9f00d0b55c6fc9e3a948181def04c80cf83ca9081&o=&hp=1", "https://cf.bstatic.com/xdata/images/hotel/max1024x768/137250513.jpg?k=62f28db58748acbbb0fdb62d2cd59a6a58b297d319380fd38d1566405338c5ce&o=&hp=1", "https://cf.bstatic.com/xdata/images/hotel/max1024x768/137250530.jpg?k=0ea84673916be6ff6fa8b7f4fe3b3bcc3270b82bfe3e3e0e27bbc30124493294&o=&hp=1", "https://cf.bstatic.com/xdata/images/hotel/max1024x768/137250545.jpg?k=d2dbca408d34ba19273882d068bccb4f73ed71de1ab56922e631a5db5f9d0a46&o=&hp=1", "https://cf.bstatic.com/xdata/images/hotel/max1024x768/137250559.jpg?k=83bdb1552123bf217bd554c36dcc0967aaf796fd1643cb9e0585436c8f0052fc&o=&hp=1", "https://cf.bstatic.com/xdata/images/hotel/max1024x768/137250560.jpg?k=ea4460acfbc97f34a52b8ea74def3b799056f0587fff8661586a263234060152&o=&hp=1", "https://cf.bstatic.com/xdata/images/hotel/max1024x768/137250562.jpg?k=acdc7be4ea9e3936d4d687734b040d9440cabec8dbac39ea0092a46ba2256950&o=&hp=1", "https://cf.bstatic.com/xdata/images/hotel/max1024x768/137251468.jpg?k=a0ad50e86daaac0557b64115305d8b7af0edc59e8fcb07c5534101753859ac87&o=&hp=1", "https://cf.bstatic.com/xdata/images/hotel/max1024x768/137251482.jpg?k=1f3de4be1caec334ed61d4bcba5b58cc520f16e3f9aae4a1390331a0878c24f0&o=&hp=1", "https://cf.bstatic.com/xdata/images/hotel/max1024x768/137251517.jpg?k=4fe448e1447da82ba438fe5eb0b75070489a6e335008807daecf7a4eb4298081&o=&hp=1", "https://cf.bstatic.com/xdata/images/hotel/max1024x768/137251542.jpg?k=215b46883b1146adf5110ade900640cd0be341389e152cdb141ff3f5d033cf8b&o=&hp=1", "https://cf.bstatic.com/xdata/images/hotel/max1024x768/137251551.jpg?k=fde3d23aeb4364c80695669cca1d90f872bf6dc0edd528ffa869ba4f3fb2fa18&o=&hp=1", "https://cf.bstatic.com/xdata/images/hotel/max1024x768/137251573.jpg?k=bdbcea2d546dda22859c944a7a51896bf8ad6c5426811db78394f26b2e121cd7&o=&hp=1", "https://cf.bstatic.com/xdata/images/hotel/max1024x768/137251604.jpg?k=5bf78a1f2c040281a74e6a9ef26f89c6baba7e2a990b333620b55f125cfa8376&o=&hp=1", "https://cf.bstatic.com/xdata/images/hotel/max1024x768/108230510.jpg?k=1bcc774bac896c461a97ea346d80913b4f924b1609c8f64d851fc6f90bab4e93&o=&hp=1", "https://cf.bstatic.com/xdata/images/hotel/max1024x768/108230510.jpg?k=1bcc774bac896c461a97ea346d80913b4f924b1609c8f64d851fc6f90bab4e93&o=&hp=1", "https://cf.bstatic.com/xdata/images/hotel/max1024x768/108230510.jpg?k=1bcc774bac896c461a97ea346d80913b4f924b1609c8f64d851fc6f90bab4e93&o=&hp=1", "https://cf.bstatic.com/xdata/images/hotel/max1024x768/89933700.jpg?k=41e9c98f0939d53d5d0ee3f63be1b43a15b712a71f5c25ff1090caee092c8b42&o=&hp=1", "https://cf.bstatic.com/xdata/images/hotel/max1024x768/137250551.jpg?k=850523d166d5841501964b6cf14103f135dee3c7c8951147bf4665cc9524c09f&o=&hp=1", "https://cf.bstatic.com/xdata/images/hotel/max1024x768/108230537.jpg?k=053347b4ddd4a8b36f42b7a069b54ef456a1ede478d246c40e4bebd9c0c55187&o=&hp=1", "https://cf.bstatic.com/xdata/images/hotel/max1024x768/137250514.jpg?k=4bce3b2865dd8ef742da062cb1550c831cbfa54358dea63aaacb49c7cabb4afa&o=&hp=1", "https://cf.bstatic.com/xdata/images/hotel/max1024x768/89933716.jpg?k=55bf204d2bfa8d9b8c674d3ebefd71de1260026afbffd0d64be3ee7eb5a4718f&o=&hp=1", "https://cf.bstatic.com/xdata/images/hotel/max1024x768/137251589.jpg?k=873a7388f9cd971edb9511d76620fd24713ebfa1a7d37cf49f96b174f96dde1c&o=&hp=1", "https://cf.bstatic.com/xdata/images/hotel/max1024x768/89933708.jpg?k=347211bce8119a2076e03801cf7519739c2ec46d2613e4338c958affd0c50197&o=&hp=1", "https://cf.bstatic.com/xdata/images/hotel/max1024x768/89933719.jpg?k=1e7796718f63b74070826e40423f6eb953d9fd352703372056eaadf19effe1ba&o=&hp=1", "https://cf.bstatic.com/xdata/images/hotel/max1024x768/89933712.jpg?k=1bd73d913d303adb0f98e6050337818b26e3b68111f9b83ab10cd09498438652&o=&hp=1", "https://cf.bstatic.com/xdata/images/hotel/max1024x768/89933703.jpg?k=f7b4f95138b606052c9cd6536528f03fd97936efc6f19cf762d177b4b060acf9&o=&hp=1", "https://cf.bstatic.com/xdata/images/hotel/max1024x768/89933690.jpg?k=9e0eb703f1284a3a366a4ab78ef8bc73b711aedf068cf560644813a88fc61ad3&o=&hp=1", "https://cf.bstatic.com/xdata/images/hotel/max1024x768/108230543.jpg?k=bc00c87e67b51794dd66046170eae89c499cdff5c9124043df99d9cb0d47a80a&o=&hp=1", "https://cf.bstatic.com/xdata/images/hotel/max1024x768/108230590.jpg?k=a2f5fc593e33b218c55f901af11b21bdf3ac8c2cfafaca1792d00d6bd5b8dde4&o=&hp=1", "https://cf.bstatic.com/xdata/images/hotel/max1024x768/108230594.jpg?k=2e31b6fa8fb2689ea6a28f72aaa51fe557ac4a335620c75544aba0445d5dbd05&o=&hp=1", "https://cf.bstatic.com/xdata/images/hotel/max1024x768/108230598.jpg?k=14a72ce850c200d50a2b07e9998414b120f5ab1d54a5be4c39f32aff91419ba6&o=&hp=1", "https://cf.bstatic.com/xdata/images/hotel/max1024x768/108230600.jpg?k=83d01bce141df01df08ab18aec51af46e098f69bc92203086d26f96af565b781&o=&hp=1", "https://cf.bstatic.com/xdata/images/hotel/max1024x768/108230602.jpg?k=6d2ce6b328426c390b6fc1aa63c77936d92fe53aeb3b86afba6c25a7544ffeaf&o=&hp=1", "https://cf.bstatic.com/xdata/images/hotel/max1024x768/108230604.jpg?k=089793c619efd6fc91bc1ed6d2afedcd69e1e4bfa9accb961d77d655ec95ae2c&o=&hp=1", "https://cf.bstatic.com/xdata/images/hotel/max1024x768/108230609.jpg?k=bac857bf26824d34cae47ac9f00d0b55c6fc9e3a948181def04c80cf83ca9081&o=&hp=1", "https://cf.bstatic.com/xdata/images/hotel/max1024x768/137250513.jpg?k=62f28db58748acbbb0fdb62d2cd59a6a58b297d319380fd38d1566405338c5ce&o=&hp=1", "https://cf.bstatic.com/xdata/images/hotel/max1024x768/137250530.jpg?k=0ea84673916be6ff6fa8b7f4fe3b3bcc3270b82bfe3e3e0e27bbc30124493294&o=&hp=1", "https://cf.bstatic.com/xdata/images/hotel/max1024x768/137250545.jpg?k=d2dbca408d34ba19273882d068bccb4f73ed71de1ab56922e631a5db5f9d0a46&o=&hp=1", "https://cf.bstatic.com/xdata/images/hotel/max1024x768/137250559.jpg?k=83bdb1552123bf217bd554c36dcc0967aaf796fd1643cb9e0585436c8f0052fc&o=&hp=1", "https://cf.bstatic.com/xdata/images/hotel/max1024x768/137250560.jpg?k=ea4460acfbc97f34a52b8ea74def3b799056f0587fff8661586a263234060152&o=&hp=1", "https://cf.bstatic.com/xdata/images/hotel/max1024x768/137250562.jpg?k=acdc7be4ea9e3936d4d687734b040d9440cabec8dbac39ea0092a46ba2256950&o=&hp=1", "https://cf.bstatic.com/xdata/images/hotel/max1024x768/137251468.jpg?k=a0ad50e86daaac0557b64115305d8b7af0edc59e8fcb07c5534101753859ac87&o=&hp=1", "https://cf.bstatic.com/xdata/images/hotel/max1024x768/137251482.jpg?k=1f3de4be1caec334ed61d4bcba5b58cc520f16e3f9aae4a1390331a0878c24f0&o=&hp=1", "https://cf.bstatic.com/xdata/images/hotel/max1024x768/137251517.jpg?k=4fe448e1447da82ba438fe5eb0b75070489a6e335008807daecf7a4eb4298081&o=&hp=1", "https://cf.bstatic.com/xdata/images/hotel/max1024x768/137251542.jpg?k=215b46883b1146adf5110ade900640cd0be341389e152cdb141ff3f5d033cf8b&o=&hp=1", "https://cf.bstatic.com/xdata/images/hotel/max1024x768/137251551.jpg?k=fde3d23aeb4364c80695669cca1d90f872bf6dc0edd528ffa869ba4f3fb2fa18&o=&hp=1", "https://cf.bstatic.com/xdata/images/hotel/max1024x768/137251573.jpg?k=bdbcea2d546dda22859c944a7a51896bf8ad6c5426811db78394f26b2e121cd7&o=&hp=1", "https://cf.bstatic.com/xdata/images/hotel/max1024x768/137251604.jpg?k=5bf78a1f2c040281a74e6a9ef26f89c6baba7e2a990b333620b55f125cfa8376&o=&hp=1", "https://cf.bstatic.com/xdata/images/hotel/max1024x768/108230510.jpg?k=1bcc774bac896c461a97ea346d80913b4f924b1609c8f64d851fc6f90bab4e93&o=&hp=1"]}