{"hotel_name": "Tru-By-Hilton-Manteca-(Hotel)", "date_accessed": "2024-09-12", "gps": "37.79932800,-121.19260100", "address": "180 Northwoods Ave, Manteca, CA 95336, United States of America \u2013 Great location", "rating": "9.1", "url": "https://www.booking.com/hotel/us/tru-by-hilton-manteca.html?aid=304142&label=gen173nr-1FCAMo7AFCB2xhdGhyb3BIM1gEaJ0CiAEBmAExuAEHyAEP2AEB6AEB-AECiAIBqAIDuAKQ5423BsACAdICJGY0ZDY5MmNkLTUxYjUtNDM1NS1iYTMwLTA1ZjdiOWNjZGVmY9gCBeACAQ&sid=8ae7f5381d0954de90dee0bc801693d6&dest_id=20014023&dest_type=city&dist=0&group_adults=2&group_children=0&hapos=10&hpos=10&no_rooms=1&req_adults=2&req_children=0&room1=A%2CA&sb_price_type=total&sr_order=popularity&srepoch=1726189907&srpvid=6c450850aa25028c&type=total&ucfs=1&activeTab=photosGallery#close-lightbox", "images": ["https://cf.bstatic.com/xdata/images/hotel/max1024x768/384365108.jpg?k=12c2ea17a023f20ebbb5890b924b15a6119c51102d20848be0541c738a5ea751&o=&hp=1", "https://cf.bstatic.com/xdata/images/hotel/max1024x768/384365104.jpg?k=d980e72c1f8f2a709ed825ff511081c6793ff2de030ee5d98cebfbde2ed7a7f9&o=&hp=1", "https://cf.bstatic.com/xdata/images/hotel/max1024x768/466115912.jpg?k=aff2c5ec3ba660da0d944da20e4579c0d87dcef0febe06602c9a9daaee408548&o=&hp=1", "https://cf.bstatic.com/xdata/images/hotel/max1024x768/384365107.jpg?k=23f61781cd87a24e89f4a71853d490be72ad999b730cba7d2f7ddcbb19faec89&o=&hp=1", "https://cf.bstatic.com/xdata/images/hotel/max1024x768/384365112.jpg?k=c8db08def1e48bfa83d28a4f4aba6ed609bbcaef2a04765674afc92de5a8dcfa&o=&hp=1", "https://cf.bstatic.com/xdata/images/hotel/max1024x768/384365113.jpg?k=6999d94a9bd8a58dab8fdc9e5bcd9ee9372efbb1b0196c2fb0c79abc322c52a9&o=&hp=1", "https://cf.bstatic.com/xdata/images/hotel/max1024x768/384365119.jpg?k=b8541c43c479368f81dfe9f495f3e11ddc0ff5c32c605f8067b766eb5326e21b&o=&hp=1", "https://cf.bstatic.com/xdata/images/hotel/max1024x768/384365105.jpg?k=1794aca9ceb0945a27a3a43f1a6113c4dd9657542c58d77d096baee977dcbb08&o=&hp=1", "https://cf.bstatic.com/xdata/images/hotel/max1024x768/384365103.jpg?k=71936a4194d182975237dca26f8621f54e6913c89018710a90abf307a8a6d88e&o=&hp=1", "https://cf.bstatic.com/xdata/images/hotel/max1024x768/384365106.jpg?k=101f8569ef958fb2d8a1c1cca4903b2c1d5bc06f9255af57f34b2108deeefe60&o=&hp=1", "https://cf.bstatic.com/xdata/images/hotel/max1024x768/384365110.jpg?k=232c6440abcb6cea06cc9a906e8131d643abc078cd19867fa9dd14f717e50bcb&o=&hp=1", "https://cf.bstatic.com/xdata/images/hotel/max1024x768/384365111.jpg?k=fc137bc7daefcfdf1441cf3cd475d1fb478c269aa974a97d1c833faab0815ab8&o=&hp=1", "https://cf.bstatic.com/xdata/images/hotel/max1024x768/384365114.jpg?k=b472a13617a84e18ee22bde114ddcd766a1ed630b391e5e1803fb4722f99f43f&o=&hp=1", "https://cf.bstatic.com/xdata/images/hotel/max1024x768/384365115.jpg?k=1ab3bb47bc202ad84576759433377028a66db8ceef0287eaa6e7754114814dd7&o=&hp=1", "https://cf.bstatic.com/xdata/images/hotel/max1024x768/384365116.jpg?k=f40fb2c85f4ca8c8bcc23553d7afdec2d1033f29027216fac46ac7538f0bfea6&o=&hp=1", "https://cf.bstatic.com/xdata/images/hotel/max1024x768/384365117.jpg?k=e9082ffc48ad17952502adc518968613d1c58e058f6e9ed2aa4d25f7a5ad4adc&o=&hp=1", "https://cf.bstatic.com/xdata/images/hotel/max1024x768/384365118.jpg?k=5bca60fbd1fa58e2936b2c7048116eb420f3d4ad1fa71a49ad310e6e598c63e8&o=&hp=1", "https://cf.bstatic.com/xdata/images/hotel/max1024x768/384365108.jpg?k=12c2ea17a023f20ebbb5890b924b15a6119c51102d20848be0541c738a5ea751&o=&hp=1", "https://cf.bstatic.com/xdata/images/hotel/max1024x768/384365108.jpg?k=12c2ea17a023f20ebbb5890b924b15a6119c51102d20848be0541c738a5ea751&o=&hp=1", "https://cf.bstatic.com/xdata/images/hotel/max1024x768/384365108.jpg?k=12c2ea17a023f20ebbb5890b924b15a6119c51102d20848be0541c738a5ea751&o=&hp=1", "https://cf.bstatic.com/xdata/images/hotel/max1024x768/384365104.jpg?k=d980e72c1f8f2a709ed825ff511081c6793ff2de030ee5d98cebfbde2ed7a7f9&o=&hp=1", "https://cf.bstatic.com/xdata/images/hotel/max1024x768/466115912.jpg?k=aff2c5ec3ba660da0d944da20e4579c0d87dcef0febe06602c9a9daaee408548&o=&hp=1", "https://cf.bstatic.com/xdata/images/hotel/max1024x768/384365107.jpg?k=23f61781cd87a24e89f4a71853d490be72ad999b730cba7d2f7ddcbb19faec89&o=&hp=1", "https://cf.bstatic.com/xdata/images/hotel/max1024x768/384365112.jpg?k=c8db08def1e48bfa83d28a4f4aba6ed609bbcaef2a04765674afc92de5a8dcfa&o=&hp=1", "https://cf.bstatic.com/xdata/images/hotel/max1024x768/384365113.jpg?k=6999d94a9bd8a58dab8fdc9e5bcd9ee9372efbb1b0196c2fb0c79abc322c52a9&o=&hp=1", "https://cf.bstatic.com/xdata/images/hotel/max1024x768/384365119.jpg?k=b8541c43c479368f81dfe9f495f3e11ddc0ff5c32c605f8067b766eb5326e21b&o=&hp=1", "https://cf.bstatic.com/xdata/images/hotel/max1024x768/384365105.jpg?k=1794aca9ceb0945a27a3a43f1a6113c4dd9657542c58d77d096baee977dcbb08&o=&hp=1", "https://cf.bstatic.com/xdata/images/hotel/max1024x768/384365103.jpg?k=71936a4194d182975237dca26f8621f54e6913c89018710a90abf307a8a6d88e&o=&hp=1", "https://cf.bstatic.com/xdata/images/hotel/max1024x768/384365106.jpg?k=101f8569ef958fb2d8a1c1cca4903b2c1d5bc06f9255af57f34b2108deeefe60&o=&hp=1", "https://cf.bstatic.com/xdata/images/hotel/max1024x768/384365110.jpg?k=232c6440abcb6cea06cc9a906e8131d643abc078cd19867fa9dd14f717e50bcb&o=&hp=1", "https://cf.bstatic.com/xdata/images/hotel/max1024x768/384365111.jpg?k=fc137bc7daefcfdf1441cf3cd475d1fb478c269aa974a97d1c833faab0815ab8&o=&hp=1", "https://cf.bstatic.com/xdata/images/hotel/max1024x768/384365114.jpg?k=b472a13617a84e18ee22bde114ddcd766a1ed630b391e5e1803fb4722f99f43f&o=&hp=1", "https://cf.bstatic.com/xdata/images/hotel/max1024x768/384365115.jpg?k=1ab3bb47bc202ad84576759433377028a66db8ceef0287eaa6e7754114814dd7&o=&hp=1", "https://cf.bstatic.com/xdata/images/hotel/max1024x768/384365116.jpg?k=f40fb2c85f4ca8c8bcc23553d7afdec2d1033f29027216fac46ac7538f0bfea6&o=&hp=1", "https://cf.bstatic.com/xdata/images/hotel/max1024x768/384365117.jpg?k=e9082ffc48ad17952502adc518968613d1c58e058f6e9ed2aa4d25f7a5ad4adc&o=&hp=1", "https://cf.bstatic.com/xdata/images/hotel/max1024x768/384365118.jpg?k=5bca60fbd1fa58e2936b2c7048116eb420f3d4ad1fa71a49ad310e6e598c63e8&o=&hp=1", "https://cf.bstatic.com/xdata/images/hotel/max1024x768/384365108.jpg?k=12c2ea17a023f20ebbb5890b924b15a6119c51102d20848be0541c738a5ea751&o=&hp=1"]}